Title	Price	Links	Diện tích (m2)	Số phòng ngủ	Số phòng WC	Địa chỉ	Description
	12.5 tỷ	https://batdongsan.vn/nha-san-vuon-huynh-tan-phat-quan-7-ngang-khung-17m-267m2-gia-125-ty-r264255	267	3	3	nan	"Nhà sân vườn Hẻm Huỳnh Tấn Phát, Phường Phú Mỹ, Quận 7, 267m2, 17mx18m, Giá 12.5 Tỷ

Mô tả:
+ Diện tích: 267m2, 17m x 18m
+ Hiện trạng: 3 phòng ngủ 3 wc, sân rộng đánh cầu lông được luôn
+ Phù hợp: khách mua ở, xây căn hộ dịch vụ hoặc biệt thự mini
+ Hướng: Nam
+ Pháp lý: sổ hồng riêng, pháp lý chuẩn, chính chủ đứng tên trang bìa.

- Miễn trung gian, Môi Giới làm phiền
- Cam kết nhà thật 100%, thông tin chuẩn xác để không làm mất thời gian tìm nhà của Quý Khách
- Liên hệ ngay 24/24 bất cứ lúc nào, xem nhà gặp ngay chính chủ.
MS: 726153

=======================
- Xem thêm kho nhà thật - giá tốt tại Quận 7 - Nhà Bè qua Website: MuaBanNhaQuan7.com
- Gọi ngay cho tôi bất cứ lúc nào (24/24h): 09.6265.7890 - Minh Nhà Đất, để chọn được nhà như ý."
	11 tỷ	https://batdongsan.vn/biet-thu-san-vuon-go-o-moi-233m2-10m-x-25m-chi-11-ty-noi-that-go-cao-cap-r264254	233	4	4	nan	"Biệt Thự Sân Vườn Gò Ô Môi, 233m2, 10m x 25m, Chỉ 11 Tỷ, Nội thất gỗ cao cấp

Mô tả:
+ Nhà biệt thự vườn, nội thất cao cấp toàn ốp gỗ.
+ Hẻm cách mặt tiền Gò Ô Môi đúng 12m thẳng.
+ Diện tích 9.15 x 25 = 233 m2 (nở hậu 10.2m, 200m2 thổ cư và 33m2 đất vườn).
+ Trước sau đều có sân thoáng mát. Thích hợp mua nghỉ dưỡng hoặc xây lên làm căn hộ dịch vụ
+ Gò Ô Môi, Phường Phú Thuận, Quận 7
+ Vị trí đắc địa: Khu vực giao thông thuận lợi tiện ra Huỳnh Tấn Phát, Phú Mỹ Hưng.

- Miễn trung gian, Môi Giới làm phiền
- Cam kết nhà thật 100%, thông tin chuẩn xác để không làm mất thời gian tìm nhà của Quý Khách
- Liên hệ ngay 24/24 bất cứ lúc nào, xem nhà gặp ngay chính chủ.
MS: 728189

=======================
- Xem thêm kho nhà thật - giá tốt tại Quận 7 - Nhà Bè: MuaBanNhaQuan7.com
- Gọi ngay cho tôi bất cứ lúc nào (24/24h): 09.6265.7890 - Minh Nhà Đất, để chọn được nhà như ý."
	28 tỷ	https://batdongsan.vn/biet-thu-can-goc-2mt-319m2-4-tang-18m-x-18m-gia-28-ty-tan-phu-quan-7-r264253	319	6	6	nan	"Biệt Thự Đẹp, căn góc 2MT, 319m2, 4 tầng, 18m x 18m, Giá 28 Tỷ, Tân Phú Quận 7

Mô tả:
- Diện tích: 319m2, 4 tầng, 18m x 18m
- Hiện trạng : 4 Tấm gồm có 6 Phòng Ngủ + 5 WC , 1 phòng bếp , phòng khách và gara để xe hơi
- KDC Bộ Công An, đường nội bộ Huỳnh Tấn Phát
- Tiện tích nhà gần chợ gần trường học, cách mặt tiền 100m.
- Ngân hàng định giá 32 Tỉ
- Nhà để lại một số nội thất hiếm, cao cấp
- Pháp lí : Sổ Hồng Riêng, mua bán sang tên công chứng nhanh.

- Miễn trung gian, Môi Giới làm phiền
- Cam kết nhà thật 100%, thông tin chuẩn xác để không làm mất thời gian tìm nhà của Quý Khách
- Liên hệ ngay 24/24 bất cứ lúc nào, xem nhà gặp ngay chính chủ.
MS: 729101

=======================
- Xem thêm kho nhà thật - giá tốt tại Quận 7 - Nhà Bè: MuaBanNhaQuan7.com
- Gọi ngay cho tôi bất cứ lúc nào (24/24h): 09.6265.7890 - Minh Nhà Đất, để chọn được nhà như ý."
	4.5 tỷ	https://batdongsan.vn/nha-dep-gia-tot-hem-huynh-tan-phat-44-m2-2-tang-chi-45-ty-full-noi-that-cao-cap-r264252	44	2	2	nan	"Nhà Đẹp Giá Tốt, Hẻm Huỳnh Tấn Phát, 44 m2, 2 tầng, chỉ 4,5 Tỷ, full nội thất cao cấp

- Nhà Mới, Chủ Cần Bán Gấp Hạ Giá Sập Sàn
- Huỳnh Tấn Phát, Phường Tân Thuận Đông, Quận 7

Mô tả:
- Diện tích: 44m2, 3,2 x 14m
- 4 mặt tiền đều là hẻm, mở cửa sổ 4 hướng đều thoáng mát.
- Kết cấu: 1 trệt 1 lầu đúc kiên cố.
- 2 phòng ngủ - 2 WC
————————————
Nội thất cơ bản:
- Sofa, kệ tivi, tủ rượu, tủ bếp.
- Thiết bị vệ sinh cao cấp: bồn cầu khối inax, sen cây, valabo inax, gương led, vòi inox 304,..
- Cửa cuốn đức, cửa sổ nhôm xingfa nhập, cửa phòng nhựa composite,…
- Cầu thang đá hoa cương nhiệt đới cao cấp, kính cường lực 10 ly, tay vịn gỗ,…
- Toàn bộ nhà ốp, lát gạch đá bóng kính.
- Trong & ngoài nhà đều sơn nước sơn chống thấm, lau chùi tốt.
- Thiết bị điện: dây điện cadivi 2.5, công tắc panasonic, đèn MPE viền gold, ….
—————————
Đặc biệt:
- 02 máy lạnh toshiba đời mới
- Máy nước nóng năng lượng mặt trời Tân Á
- Xách vali vào ở ngay.

- Miễn trung gian, Môi Giới làm phiền
- Cam kết nhà thật 100%, thông tin chuẩn xác để không làm mất thời gian tìm nhà của Quý Khách
- Liên hệ ngay 24/24 bất cứ lúc nào, xem nhà gặp ngay chính chủ.
MS: 732102

=======================
- Xem thêm kho nhà thật - giá tốt tại Quận 7 - Nhà Bè: MuaBanNhaQuan7.com
- Gọi ngay cho tôi bất cứ lúc nào (24/24h): 09.6265.7890 - Minh Nhà Đất, để chọn được nhà như ý."
	5.5 tỷ	https://batdongsan.vn/ban-nha-tuyet-dep-hxh-tran-xuan-soan-71m2-42m-x-16m-gia-55-ty-tan-hung-quan-7-r264251	71	2	1	nan	"Bán Nhà Tuyệt Đẹp HXH Trần Xuân Soạn, 71m2, 4.2m x 16m, Giá 5.5 Tỷ, Tân Hưng Quận 7

NHÀ ĐẸP - CHỦ TẶNG HẾT NỘI THẤT
+ Diện tích: 71m2, 4.2m x 16m
+ Nhà đẹp mới tinh, có 2PN 1WC. Chủ tặng hết nội thất.
+ Cách mặt tiền 20m thẳng.
+ Sổ hồng riêng, hoàn công đầy đủ, công chứng trong ngày.

- Miễn trung gian, Môi Giới làm phiền
- Cam kết nhà thật 100%, thông tin chuẩn xác để không làm mất thời gian tìm nhà của Quý Khách
- Liên hệ ngay 24/24 bất cứ lúc nào, xem nhà gặp ngay chính chủ.
MS: 732198

=======================
- Xem thêm kho Nhà Đẹp - Giá Tốt tại Quận 7 - Nhà Bè
- Website: MuaBanNhaQuan7.com (Cam kết nhà thật 100%)
- Gọi ngay cho tôi bất cứ lúc nào (24/24h)
- Liên hệ điện thoại 09 6265 7890 gặp Minh Nhà Đất, để chọn được nhà như ý."
	11 tỷ	https://batdongsan.vn/ban-nha-moi-hxh-huynh-tan-phat-1144m2-5-tang-ngang-6m-gia-11-ty-phu-my-quan-7-r264250	114	12	14	nan	"Bán Nhà Mới, HXH Huỳnh Tấn Phát, 114.4m2, 5 tầng, ngang 6m, Giá 11 Tỷ, Phú Mỹ Quận 7

- HOT - NGANG GẦN 6M - NHÀ MỚI 5 TẦNG - Ô TÔ ĐỔ CỬA QUẬN 7 - PHÍA SAU NHÀ LÀ VIEW HỒ - KHU NHÀ ĐỒNG BỘ

*Mô tả :
- Dt : 5.55 nở hậu 6m dài 22m, 5 tầng, đang có nguồn thu nhập hơn 30triệu/tháng.
- 1 trệt, 3 lầu, sân thượng trước sau, gồm 12 phòng cho thuê, 14WC.
- Nhà mới xây kiên cố, có lối đi riêng biệt, chủ ở phía trước, vừa ở vừa cho thuê dòng tiền ổn định.
- Hẻm sạch sẽ, không ngập nước,an ninh, yên tĩnh,dân trí cao. Gần Coop Mart, UBND phường, trường điểm Ngô Quyền.
- Huỳnh Tấn Phát, Phường Phú Mỹ, Quận 7
+ Pháp lý: Sổ hồng riêng, hoàn công đủ.

- Miễn trung gian, Môi Giới làm phiền
- Cam kết nhà thật 100%, thông tin chuẩn xác để không làm mất thời gian tìm nhà của Quý Khách
- Liên hệ ngay 24/24 bất cứ lúc nào, xem nhà gặp ngay chính chủ.
MS: 731148

=======================
- Xem thêm kho Nhà Đẹp - Giá Tốt tại Quận 7 - Nhà Bè
- Website: MuaBanNhaQuan7.com (Cam kết nhà thật 100%)
- Gọi ngay cho tôi bất cứ lúc nào (24/24h)
- Liên hệ điện thoại 09 6265 7890 gặp Minh Nhà Đất, để chọn được nhà như ý."
	4.7 tỷ	https://batdongsan.vn/ban-nha-hxh-thong-duong-so-8-le-van-quoi-dt-4x155m-1-lau-gia-47-ty-tl-lien-he-ngay-r264248	62	nan	nan	nan	"- Bán nhà: Hẻm xe hơi thông đường Số 8 Lê Văn Quới, DT: 4x15.5m.
- Tiện ích: Hẻm 6m thông ra đường Số 1 Bình Long, giáp với quận Tân Phú, cách đường Bình Long chỉ 500m, thuận tiện cho những người đang công tác và làm việc ở quận Tân Phú. Bán kính tiện ích nằm trong 1km như chợ, siêu thị, trường học, cửa hàng công nghệ, dịch vụ ăn uống,v.v...
- Kết cấu: 1 trệt, 1 lửng.
- Vị trí: Khu dân cư an ninh, dân trí cao, văn minh, sạch sẽ.
- Giá: 4.7 tỷ TL.

Liên hệ: 0707725457 Phú Cường.
Hỗ Trợ Khách Hàng Đăng Bộ Sang Tên Hoàn Toàn Miễn Phí.
Cam kết những thông tin trên đúng 100% sự thật.
Uy Tín - Chuyên Nghiệp - Tốc Độ - Hiệu Quả.
Sàn giao dịch BĐS TanPhuLand.
Đc: 229 Lê Văn Quới, P. Bình Trị Đông, Q. Bình Tân, TP. HCM."
	3100000 tỷ	https://batdongsan.vn/chinh-chu-ban-nha-rieng-hxh-100m2-thu-duc-chi-3-ty-1-pl-day-du-lh-0905238089-r264244	100	nan	nan	nan	"Chính chủ bán nhà riêng, HXH, 100m2 Thủ Đúc, chỉ 3 tỷ 1, PL đầy đủ, lh 0905238089
+ Kết cấu: Nhà C4, 2PN, 2WC, sân rộng,nhà rộng thoáng mát.
+ Ngay TT Thành phố Thủ Đức di chuyển TPHCM 5 p đi xe.
+ Nhà rộng phù hợp gia đình vào ở đông người, kinh doanh buôn bán.
+ Sổ vuông vức, nở hậu nhẹ, công chứng trong ngày.
+ Diện tích : ngang 5m, dài 20 sổ vuông vức, công chứng ngay"
	3.36 tỷ	https://batdongsan.vn/ban-nha-3-tang-336-ty-tai-duong-ba-hat-quan-10-0902934079-r264239	30	nan	nan	nan	"+ Nhà kết cấu đẹp, sàn bê tông cốt thép, mái bê tông cốt thép, 1 trệt 2 lầu, vuông thành sắc cạnh. Đường trước nhà 5m.
+ Nhà nằm trong trung tâm quận 10, xung quanh không thiếu bất kỳ dịch vụ tiện ích nào như: gần siêu thị, bệnh viện, hàng loạt các ngân hàng,……
+ Chủ rất thiện chí bán.
+ Giá 3.36 tỷ, Giấy chứng nhận chính chủ, pháp lý sạch, sẵn sàng giao dịch.
+ Liên hệ: Ms. Lan - SĐT: 0902934079.
#bannhaquan10 #nhabanquan10 #muabannhadat2023 #tinvipnhaquan10"
	580 tỷ	https://batdongsan.vn/nha-dien-tich-khung-5x19-le-van-khuong-quan-12-gia-5-ty-8-r264238	92	nan	nan	HCM	"Nhà diện tích khủng 5x19 Lê Văn Khương Quận 12 giá 5 tỷ 8
+ Bán gấp giá nhà mà như giá đất
+ dãy nhà đang cho thuê full 10 phòng
+ Đường xe hơi vào nhà, sạch sẽ an ninh.
+ Vị trí rất đẹp, dân đông đúc, tiện ích đầy đủ, ra ngỏ là chợ.
+ Có thể tiếp tục cho thuê hoặc xây lại cái biệt thự mới tinh.
+ Alo để xem thực tế: 0708826002 / 0977302483"
	3.6 tỷ	https://batdongsan.vn/ban-nha-4-tang-mat-tien-6m-duong-vinh-vien-quan-10-gia-36-ty-0902934079-r264236	30	nan	nan	nan	"+ Nhà mặt tiền 6m, sàn bê tông cốt thép, mái bê tông cốt thép vuông thành sắc cạnh.
+ Kết cấu nhà rất đẹp, lắp đặt hệ thống cửa cuốn rất đảm bảo an ninh.
+ Nhà nằm trong trung tâm quận 10, xung quanh không thiếu bất kỳ dịch vụ tiện ích nào như: gần siêu thị, bệnh viện, hàng loạt các ngân hàng,……
+ Chủ rất thiện chí bán.
+ Giá 3.6 tỷ, Giấy chứng nhận chính chủ, pháp lý sạch, sẵn sàng giao dịch.
+ Liên hệ: Ms. Lan - SĐT: 0902934079.
#bannhaquan10 #nhabanquan10 #muabannhadat2023 #tinvipnhaquan10"
	13 tỷ	https://batdongsan.vn/phan-lo-hoang-quoc-viet-cau-giay-13ty-55m-gara-oto-via-he-thang-may-kinh-doanh-r264235	55	6	nan	Hoàng Quốc Việt, Cầu Giấy, Hà Nội.	"+ Nhà mới siêu đẹp, thang máy, full nội thất cao cấp, vỉa hè, ngõ rộng ô tô tránh, thông vòng quan, kinh doanh vượng, giá tốt nhất thị trường. Đẹp Quá! Cực Nhanh!
+ Vị trí đắc địa: gần, thông các tuyến phố sầm uất như Phạm Văn Đồng, Cầu Giấy, Trần Quốc Hoàn, Hồ Tùng Mậu, Nguyễn Văn Huyên…
+ Diện tích 55m, Mặt Tiền 4.5m. Nhà mới thiết kế 6 tầng long lanh, chắc chắn, thang máy cao cấp, đa dạng công năng: Gara, thông sàn, phòng khách, phòng ngủ, phòng ăn, phòng thờ, sân phơi. Sử dụng để ở và cho thuê văn phòng lý tưởng.
+ An ninh tuyệt đối, hàng xóm thân thiện, phong thủy cực kỳ vượng.
+ An sinh siêu đỉnh: gần các trường Đại học lớn như Đại học Sư phạm, Đại học Quốc gia, Đại học Điện Lực, Cao đẳng Du Lịch…, Các văn phòng, các hàng quán kinh doanh tấp nập, chợ dân sinh.
+ Sổ đỏ chính chủ, vuông vắn, pháp lý rõ ràng, sẵn sàng giao dịch.
+ Vui lòng gọi trực tiếp Mr. Phạm Hân để xem nhà."
	10.5 tỷ	https://batdongsan.vn/giam-sap-san-nha-mat-tien-to-ky-hoc-mon-gan-cho-nga-ba-bau-124-m2-chi-10-ty-5-r264234	124	2	2	Tô Ký - Hốc Môn	"Giảm sập sàn - Nhà mặt tiền Tô Ký - Hốc Môn - Gần chợ Ngã Ba Bầu - 124 m2 - Chỉ nhỉnh 10 tỷ.

- Giá tốt nhất khu vực, tốt nhất cung đường Tô Ký, ko có căn thứ 2.
- Mặt tiền Tô Ký mà chỉ 90 triệu/m2.
- Khu vực kinh doanh tấp nập, gần chợ ngã ba Bầu.
- Nhà gần chỗ xoay đầu xe, nên nhà tính như đường 2 chiều, rất thuận lợi trong kinh doanh.
- Thiết kế thông sàn, thuận tiện tự thiết kế bài trí, thích hợp mở quán ăn.
- Sổ hồng riêng, đẹp như hoa hậu, ko có chút lỗi phong thuỷ nào.
- Giá lời ngay khi mua.
- 0974642818 - Gặp Tươi xem nhà, xem sổ."
	8 tỷ	https://batdongsan.vn/sieu-nha-1-xet-gia-giam-1-ty-hem-xe-hoi-duong-duong-ba-trac-phuong-1-quan-8-r264233	64	4	5	nan	"Siêu nhà 1 xẹt giá giảm 1 tỷ, hẻm xe hơi, đường Dương Bá Trạc, Phường 1, quận 8
- Diện tích đến 64m2, 1 trệt 1 lửng 2 lầu, sân thượng trước và sau
- Hẻm xe hơi, sát mặt tiền
- Khu vực sầm uất đầy đủ tiện ích, qua Q1,Q5,Q7 chỉ mất vài phút
- Pháp lý chuẩn, không quy hoạch, công chứng nhanh gọn
Giá bán giảm 1 tỷ chỉ còn 8 tỷ thương lượng
Vui lòng liên hệ Thạc sĩ Kiệt, chuyên nhà phố, sđt 0907451088"
	29 tỷ	https://batdongsan.vn/ban-nha-mat-tien-duong-nguyen-quy-canh-phuong-an-phu-tpthu-duc-lh-0862451379-r264232	100	6	6	nan	"Bán nhà mặt tiền đường Nguyễn Quý Cảnh, Phường An Phú, TP.Thủ Đức.
Giá chỉ nhỉnh 29 Tỷ.
Đường Nguyễn Quý Cảnh xưa nay rất hiếm chủ bán nhà.
Diện tích 5 X 20, vỉa hè rộng, đường đậu xe hơi thoải mái.
Nhà 5 tầng BTCT chắc nịt, gồm Hầm xe hơi, 6 phòng ngủ Master, 1 phòng đọc sách, 6WC, sân trước , sân sau, sân thượng, ban công đầy đủ.
Vị trí đắc địa, cách trường mẫu giáo Hoa Hồng vài bước, cách đường Song Hành vài căn nhà.
Nhà cho thuê 40Tr/ tháng. Mới hết hợp đồng.
Sổ chữ nhật, Màu hồng, công chứng 1 nốt nhạc.
Giá bán nhanh trong tháng: nhỉnh 29 tỷ.
Liên hệ: Nam Hải ( Em chủ nhà)
Điện thoại: 0862451379 ( số có zalo)"
	5.6 tỷ	https://batdongsan.vn/ban-nha-hxh-8m-duong-ma-lo-dt-4x175m-2-lau-gia-56-ty-tl-lien-he-ngay-r264224	70	nan	nan	nan	"- Bán nhà: Hẻm xe hơi đường Mã Lò, DT: 4x17.5m.
- Tiện ích: Hẻm trước nhà 8m xe hơi vô đến nhà, cách mặt tiền đường chỉ vài chục m, cách đường Tân Kỳ Tân Quý chưa đến 500m. Bán kính tiện ích nằm trong 1km như chợ, siêu thị, trường học, cửa hàng công nghệ, dịch vụ ăn uống,v.v...
- Kết cấu: 1 trệt, 2 lầu.
- Vị trí: Khu dân cư an ninh, dân trí cao, văn minh, sạch sẽ.
- Giá: 5.6 tỷ TL.

Liên hệ: 0707725457 Phú Cường.
Hỗ Trợ Khách Hàng Đăng Bộ Sang Tên Hoàn Toàn Miễn Phí.
Cam kết những thông tin trên đúng 100% sự thật.
Uy Tín - Chuyên Nghiệp - Tốc Độ - Hiệu Quả.
Sàn giao dịch BĐS TanPhuLand.
Đc: 229 Lê Văn Quới, P. Bình Trị Đông, Q. Bình Tân, TP. HCM."
	8 tỷ	https://batdongsan.vn/ban-nha-moi-hxh-huynh-tan-phat-80m2-3-tang-4m-x-20m-gia-8-ty-phu-thuan-quan-7-r264223	80	4	5	nan	"Bán Nhà Mới, HXH Huỳnh Tấn Phát, 80m2, 3 tầng, 4m x 20m, Giá 8 Tỷ, Phú Thuận Quận 7

Mô tả :
- Nhà đẹp 3 Tầng mới hoàn thiện , 4 Phòng Ngủ, 5 WC
- Diện tích: 80m2, 3 tầng, 4m x 20m
- 4 Phòng Ngủ, 5 WC
- Hẻm trước nhà xe hơi tới nơi, cách Phú Mỹ Hưng 2 phút
- Huỳnh Tấn Phát, Phường Phú Thuận, Quận 7
- Pháp lí : Sổ Hồng Riêng, mua bán sang tên công chứng.


- Miễn trung gian, Môi Giới làm phiền
- Cam kết nhà thật 100%, thông tin chuẩn xác để không làm mất thời gian tìm nhà của Quý Khách
- Liên hệ ngay 24/24 bất cứ lúc nào, xem nhà gặp ngay chính chủ.
MS: 72C263

=======================
- Xem thêm kho Nhà Đẹp - Giá Tốt tại Quận 7 - Nhà Bè
- Website: MuaBanNhaQuan7.com (Cam kết nhà thật 100%)
- Gọi ngay cho tôi bất cứ lúc nào (24/24h)
- Liên hệ điện thoại 09 6265 7890 gặp Minh Nhà Đất, để chọn được nhà như ý."
	6.95 tỷ	https://batdongsan.vn/ban-nha-dep-hxh-tran-xuan-soan-656m2-2-tang-gia-695-ty-tan-hung-quan-7-r264222	66	3	3	nan	"Bán Nhà Đẹp HXH Trần Xuân Soạn, 65.6m2, 2 tầng, Giá 6.95 Tỷ, Tân Hưng Quận 7

CHÍNH CHỦ TRANG BÌA- XE HƠI 4 CHỖ TỚI NHÀ- TRUNG TÂM QUẬN 7- NHÀ MỚI Ở NGAY- SÁT VÁCH CÔNG AN PHƯỜNG- CỰC KỲ AN NINH- YÊN TĨNH-Đ.TRẦN XUÂN SOẠN- PHƯỜNG TÂN HƯNG- QUẬN 7.

*Mô tả:
- Diện tích: 65.6m2, 2 tầng, 3.8m x 17.3m
- Hiện trạng: nhà trệt, lầu gồm 2 phòng ngủ (có thể cải tạo thành 3 phòng ngủ), 2WC, Phòng Khách, Bếp, Sân trước, Sân sau vô cùng thoáng mát.
- Nhà mới, kiên cố, chắc chắn vào ở ngay.
- Xe hơi 4 chỗ tới nhà.
- Vị Trí : Huỳnh Tấn Phát, Phường Phú Mỹ, Quận 7
- Nhà trung tâm Quận 7, khu vực cực kỳ an ninh, yên tĩnh, Đầu hẻm là Công an Phường..
- Gần chợ Tân Quy, Tân Kiểng, giao thông thuận tiện đi đến các nơi.
* Sổ hồng chính chủ, hoàn công, pháp lý chuẩn, công chứng ngay

- Miễn trung gian, Môi Giới làm phiền
- Cam kết nhà thật 100%, thông tin chuẩn xác để không làm mất thời gian tìm nhà của Quý Khách
- Liên hệ ngay 24/24 bất cứ lúc nào, xem nhà gặp ngay chính chủ.
MS: 72B216

=======================
- Xem thêm kho Nhà Đẹp - Giá Tốt tại Quận 7 - Nhà Bè
- Website: MuaBanNhaQuan7.com (Cam kết nhà thật 100%)
- Gọi ngay cho tôi bất cứ lúc nào (24/24h)
- Liên hệ điện thoại 09 6265 7890 gặp Minh Nhà Đất, để chọn được nhà như ý."
	4 tỷ	https://batdongsan.vn/thuy-khue-tay-ho-31m2-x-5-tang-4-ty-r264221	31	3	4	nan	"Thuỵ Khuê, Tây Hồ - 31M2 x 5 Tầng 4 Tỷ
Gia chủ cần bán gấp nhà chính chủ Thuỵ Khuê Tây Hồ. Giá chỉ 4 Tỷ (Có thương lượng)
Ngõ rộng xe máy tránh nhau, nhà đẹp thiết kế hiện đại, đầy đủ công năng
Khu vực dân trí cao, tiện ích nhiều, gần Hồ Tây chất lượng sống rất cao.
Sổ đỏ chính chủ, giao dịch ngay.
Liên hệ xem nhà trực tiếp: 0825420555."
	6 tỷ	https://batdongsan.vn/ban-nha-hxh-duong-huong-lo-2-dt-4x14m-3-lau-gia-6-ty-tl-lien-he-ngay-r264219	56	nan	nan	nan	"- Bán nhà: Hẻm xe hơi đường Hương Lộ 2, DT: 4x14m.
- Tiện ích: Hẻm trước nhà 5m, xe hơi vô đến nhà, cách mặt tiền đường chỉ 300, cách đường Lê Văn Quới chưa đến 400m. Bán kính tiện ích nằm trong 1km như chợ, siêu thị, trường học các cấp, bệnh viện, cửa hàng công nghệ, dịch vụ ăn uống,v.v...
- Kết cấu: 1 trệt, 2 lầu, sân thượng, 4 phòng ngủ, 4 toilet.
- Vị trí: Khu dân cư an ninh, dân trí cao, văn minh, sạch sẽ.
- Giá: 6 tỷ TL.

Liên hệ: 0707725457 Phú Cường.
Hỗ Trợ Khách Hàng Đăng Bộ Sang Tên Hoàn Toàn Miễn Phí.
Cam kết những thông tin trên đúng 100% sự thật.
Uy Tín - Chuyên Nghiệp - Tốc Độ - Hiệu Quả.
Sàn giao dịch BĐS TanPhuLand.
Đc: 229 Lê Văn Quới, P. Bình Trị Đông, Q. Bình Tân, TP. HCM."
