Title	Price	Links	Diện tích (m2)	Số phòng ngủ	Số phòng WC	Địa chỉ	Description	Chỗ để xe hơi	Đang cho thuê	CSVC xung quanh	Mặt tiền	index	Số tầng	ExtractedTitle	Address1	Address2
Bán Nhà Mặt Đường Lý Thường Kiệt, Quang Trung, Hồng Bàng, Hải Phòng 79m2 giá 13 tỷ	13.0	https://batdongsan.vn/ban-nha-mat-duong-ly-thuong-kiet-quang-trung-hong-bang-hai-phong-79m2-gia-13-ty-r281093	79	5.0	6.0	Lý Thường Kiệt, Hồng Bàng, Hải Phòng	"bán nhà mặt đường lý thường kiệt, quang trung, hồng bàng, hải phòng - cơ hội kinh doanh hấp dẫn!
liên hệ: mrs tâm - 0796-336-866
thông tin chi tiết:
✅ diện tích đất: 79.5m2, mặt tiền rộng 4m, nằm trên mặt đường rộng 10m.
✅ hướng tây.
✅ nhà xây chắc chắn, chỉ cần sơn sửa lại là có thể ở và kinh doanh ngay.
✅ cấu trúc nhà gồm phòng khách, bếp, 5 phòng ngủ, 6 phòng vệ sinh, phòng thờ, sân phơi.
✅ vị trí đắc địa ngay chân cầu lạc long, rất thuận lợi cho việc mở văn phòng hoặc kinh doanh buôn bán.
giá bán: 13 tỷ.
hãy liên hệ ngay với mrs tâm - sđt 0796-336-866 để biết thêm chi tiết và xem nhà trực tiếp!
cdt group - sàn bán nhà hải phòng - đơn vị uy tín chuyên nghiệp trong lĩnh vực bất động sản tại hải phòng."	False	False	True	True	0	2.6	đường Lý Thường Kiệt, Phường Quang Trung, Quận Hồng Bàng, Hải Phòng	Lý Thường Kiệt, Hồng Bàng, Hải Phòng	đường Lý Thường Kiệt, Phường Quang Trung, Quận Hồng Bàng, Hải Phòng
Bán nhà ngõ Văn Hương, Tôn Đức Thắng, ở ngay 3 tầng 21m2 giá 1.95 tỷ	1.95	https://batdongsan.vn/ban-nha-ngo-van-huong-ton-duc-thang-o-ngay-3-tang-21m2-gia-195-ty-r281089	21	2.0	2.0		"- siêu hiếm văn hương, đống đa, nhỏ nhỏ xinh xinh, diện tích 21m, 3 tầng, giá chào bán chưa đầy 2 tỷ, khu vực cực kỳ sầm uất, rất thuận tiện cho gia đình nhỏ, ra phố tôn đức thắng, văn miếu rất gần.
- thiết kế 3 tầng.
+ tầng 1: phòng khách, bếp, vs.
+ tầng 2: 1 ngủ.
+ tầng 3: 1 ngủ, 1 vs, sân phơi.
- sổ đỏ chính chủ mua bán nhanh."	False	False	True	False	1	3.0	ngõ Văn Hương, Tôn Đức Thắng, Đống Đa	ngõ Văn Hương, Tôn Đức Thắng, Đống Đa	ngõ Văn Hương, Tôn Đức Thắng, Đống Đa
LIỀN KỀ KĐT VĂN QUÁN Ở HAY KINH DOANH VP QUÁ ĐỈNH 70M 4 TẦNG GIÁ NHỈNH 13 TỶ	13.8	https://batdongsan.vn/lien-ke-kdt-van-quan-o-hay-kinh-doanh-vp-qua-dinh-70m-4-tang-gia-nhinh-13-ty-r281082	70	4.0	4.0	văn quán	"liền kề kđt văn quán ở hay kinh doanh vp quá đỉnh 70m 4 tầng giá nhỉnh 13 tỷ
- nhà thuộc kđt văn quán, nhưng nằm ở mặt phố văn quán, gần trường thực nghiệm vitori, trường ban mai, học viện an ninh, hồ văn quán... tiện ích bạt ngàn.
- nhà được thiết kế 4 tầng thoáng trước thoáng sau.
+ tầng 1: gaza ô tô, phòng khách, bếp vs.
+ tầng 2,3: tổng 4 ngủ, 2 vs.
+ tầng 4: phòng thờ, vs, sân phơi.
- sổ đỏ phân lô, vuông đẹp.
- ace quan tâm liên hệ 0819508701"	True	False	True	True	2	4.0	mặt phố Văn Quán, KĐT Văn Quán	văn quán	mặt phố Văn Quán, KĐT Văn Quán
LIỀN KỀ KĐT VĂN QUÁN Ở HAY KINH DOANH VP QUÁ ĐỈNH 70M 4 TẦNG GIÁ NHỈNH 13 TỶ	13.8	https://batdongsan.vn/lien-ke-kdt-van-quan-o-hay-kinh-doanh-vp-qua-dinh-70m-4-tang-gia-nhinh-13-ty-r281081	70	4.0	4.0	văn quán	"liền kề kđt văn quán ở hay kinh doanh vp quá đỉnh 70m 4 tầng giá nhỉnh 13 tỷ
- nhà thuộc kđt văn quán, nhưng nằm ở mặt phố văn quán, gần trường thực nghiệm vitori, trường ban mai, học viện an ninh, hồ văn quán... tiện ích bạt ngàn.
- nhà được thiết kế 4 tầng thoáng trước thoáng sau.
+ tầng 1: gaza ô tô, phòng khách, bếp vs.
+ tầng 2,3: tổng 4 ngủ, 2 vs.
+ tầng 4: phòng thờ, vs, sân phơi.
- sổ đỏ phân lô, vuông đẹp.
- ace quan tâm liên hệ 0819508701"	True	False	True	True	3	4.0	mặt phố Văn Quán, KĐT Văn Quán	văn quán	mặt phố Văn Quán, KĐT Văn Quán
BÁN GẤP NHÀ RẺ TÂN BÌNH P10 - 53M2 – CÁCH MT 5 CĂN – HXH – CHỈ 7.9 TỶ	7.9	https://batdongsan.vn/ban-gap-nha-re-tan-binh-p10-53m2-cach-mt-5-can-hxh-chi-79-ty-r281078	53	3.0	2.0	Trần Văn Quang, Tân Bình, - Dự án -	"***hẻm xe hơi – cách mặt tiền chỉ 5 căn – nở hậu tài lộ
- nhà 2 tầng, ngang nở hậu gần 4m, 3 pn, 2 wc, có ban công và sân để xe rộng rãi.
- vị trí rất đẹp, tiện ích đầy đủ gần chợ, siêu thị , trường học...
- sổ đẹp, gấp bán mong khách thiện chí.
- môi giới tránh làm phiền, xin cảm ơn.
liên hệ: 0868590168 – em diễm( chuyên nhà mặt phố và hẻm ô tô. nhận mua bán – ký gửi nhà, đất tại tất cả các quận tại sài gòn).
ichiroha.ichisa"	True	False	True	False	4	2.0	đường HXH, Phường 10, Quận Tân Bình	Trần Văn Quang, Tân Bình, - Dự án -	đường HXH, Phường 10, Quận Tân Bình
NHÀ MỚI ĐẸP, NỞ HẬU – TÂN BÌNH – 65M2 – 3 TẦNG – HXH GIÁ RẺ CHỈ NHỈNH 8 TỶ	4.8	https://batdongsan.vn/nha-moi-dep-no-hau-tan-binh-65m2-3-tang-hxh-gia-re-chi-nhinh-8-ty-r281077	65	4.0	3.0	Trần Văn Quang, Tân Bình, - Dự án -	"hàng hiếm trần văn quang - nhà mới đẹp kiến trúc sư tự thiết kế - hxh - cách mặt tiền 20m.

nhà kết cấu 3 tầng btct,1 trệt 2 lầu + sân thượng trước rộng rãi.
???? 4 phòng ngủ 3wc, nhà nở hậu tài lộc.
???? chính chủ 15 năm, nhà kiến trúc sư tự thế kế tinh tế, cực kỳ chắc chắn.
???? vị trí: tiện ích xung quanh đầy đủ, gần chợ vải tân bình, ngay trung tâm gần quận 10, về sân bay tân sơn nhất cũng chỉ 15 phút.
lh: em diễm 0868590168 ( chuyên nhà mặt phố và hẻm ô tô. nhận mua bán- ký gửi nhà, đất tất cả các quận tại sài gòn).
ichisaro.ro"	True	False	True	False	5	3.0	Trần Văn Quang, Quận Tân Bình	Trần Văn Quang, Tân Bình, - Dự án -	Trần Văn Quang, Quận Tân Bình
CẦN TIỀN BÁN NHÀ 3 LẦU ST vị TRÍ ĐẸP HẺM XE HƠI BÙI VĂN BA, P.TÂN THUẬN ĐÔNG, QUẬN 7, DT 5X13m CN 208m2	6.2	https://batdongsan.vn/can-tien-ban-nha-3-lau-st-vi-tri-dep-hem-xe-hoi-bui-van-ba-ptan-thuan-dong-quan-7-dt-5x13m-cn-208m2-r281072	62	4.0	5.0		"hàng thơm - nhà 3 lầu st mặt tiền hẻm xe hơi bùi văn ba, quận 7
- diện tích: 5x13m.
- kết cấu: trệt, 3 lầu, sân thượng, 4pn, 5wc, p.thờ.
- mặt tiền hẻm thông thoáng, cao ráo, xe hơi đậu trước nhà.
- khu dân cư hiện hữu, an ninh, thích hợp đầu tư, ở hoặc cho thuê.
- ngay chợ bùi văn ba, gần trường học các cấp, siêu thị, đầy đủ tiện ích.
- pháp lý: sổ hồng riêng, hoàn công đầy đủ.
=================================

- giá bán: 6.2 tỷ
- liên hệ: 0971.737.786(mr.hiếu)"	True	False	True	True	6	3.0	hẻm Bùi Văn Ba, Phường Tân Thuận Đông, Quận 7	hẻm Bùi Văn Ba, Phường Tân Thuận Đông, Quận 7	hẻm Bùi Văn Ba, Phường Tân Thuận Đông, Quận 7
CẦN TIỀN BÁN NHÀ 3 LẦU ST vị TRÍ ĐẸP HẺM XE HƠI BÙI VĂN BA, P.TÂN THUẬN ĐÔNG, QUẬN 7, DT 5X13m CN 208m2	6.2	https://batdongsan.vn/can-tien-ban-nha-3-lau-st-vi-tri-dep-hem-xe-hoi-bui-van-ba-ptan-thuan-dong-quan-7-dt-5x13m-cn-208m2-r281071	62	4.0	5.0		"hàng thơm - nhà 3 lầu st mặt tiền hẻm xe hơi bùi văn ba, quận 7
- diện tích: 5x13m.
- kết cấu: trệt, 3 lầu, sân thượng, 4pn, 5wc, p.thờ.
- mặt tiền hẻm thông thoáng, cao ráo, xe hơi đậu trước nhà.
- khu dân cư hiện hữu, an ninh, thích hợp đầu tư, ở hoặc cho thuê.
- ngay chợ bùi văn ba, gần trường học các cấp, siêu thị, đầy đủ tiện ích.
- pháp lý: sổ hồng riêng, hoàn công đầy đủ.
=================================

- giá bán: 6.2 tỷ
- liên hệ: 0971.737.786(mr.hiếu)"	True	False	True	True	7	3.0	hẻm xe hơi Bùi Văn Ba, Phường Tân Thuận Đông, Quận 7	hẻm xe hơi Bùi Văn Ba, Phường Tân Thuận Đông, Quận 7	hẻm xe hơi Bùi Văn Ba, Phường Tân Thuận Đông, Quận 7
Mặt tiền Lạc Long Quân, gần BV Thống Nhất, DTSD 65M2, 4 tỷ 95	4.95	https://batdongsan.vn/mat-tien-lac-long-quan-gan-bv-thong-nhat-dtsd-65m2-4-ty-95-r281070	32	2.0	1.0	Thành phố Hồ Chí Minh	"mặt tiền lạc long quân, gần bv thống nhất, dtsd 65m2, 4 tỷ 95
. kinh doanh nhộn nhịp ngày đêm.
. 1 trệt 1 gác suốt. nhà cũ tiện sửa hoặc xây mới.
. sổ vay agribank 2 tỷ.
. chính chủ chưa qua mua bán trong 20 năm.
liên hệ xem nhà 0902177052 thương lượng chính chủ."	False	False	True	True	8	1.0	đường Lạc Long Quân, gần BV Thống Nhất	Thành phố Hồ Chí Minh	đường Lạc Long Quân, gần BV Thống Nhất
Hot Hot! Bán Nhà 2 Lầu ST Mặt Tiền Hẻm Xe Hơi Lê Văn Lương, DT 4x16m CN 159m2 Gía 8,8Tỷ(TL)	8.8	https://batdongsan.vn/hot-hot-ban-nha-2-lau-st-mat-tien-hem-xe-hoi-le-van-luong-dt-4x16m-cn-159m2-gia-88tytl-r281066	64	3.0	3.0		"hot hot! bán nhà 2 lầu st mặt tiền hẻm xe hơi lê văn lương, dt 4x16m cn 159m2
--------------------------
???? giá bán: 8.8 tỷ(tl)
- diện tích: 4x16m.
- kết cấu: trệt 2 lầu, sân thượng, 3pn, wc riêng.
- nhà mới đẹp, xây btct kiên cố, xách vali vào ở ngay.
- mặt tiền hẻm xe hơi 6m thông ra trần xuân soạn, bế văn cấm.
- gần chợ tân kiểng, 5p đi lotte mart, tiện vừa ở vừa kd, làm vp, cho thuê.
- pháp lý: sổ hồng riêng, hoàn công đầy đủ.
=========================="	True	False	True	True	9	2.0	Hẻm Xe Hơi Lê Văn Lương	Hẻm Xe Hơi Lê Văn Lương	Hẻm Xe Hơi Lê Văn Lương
Bán nhà 1 Trệt 1 lầu 52m2 đường ô tô (P. Tân Vạn) chỉ 1.850 tỉ	1.85	https://batdongsan.vn/ban-nha-1-tret-1-lau-52m2-duong-o-to-p-tan-van-chi-1850-ti-r281065	52	2.0			"???????? bán nhà 1 trệt 1 lầu 52m2 shr thổ cư đường ô tô (p. tân vạn)
+ vị trí: gần chợ,cách đường bùi hữu nghĩa khoảng 50m
+ diện tích: 4,2x10m (nở hậu 6m)
+ sổ hồng riêng thổ cư 100%
+ nhà 1 trệt 1 lầu thiết kế hiện đại trẻ trung gồm: 1 phòng khách,2 phòng ngủ,2 tolet,nhà bếp đường ô tô chạy vi vu"	True	False	True	False	10	1.8	đường ô tô, Phường Tân Vạn	đường ô tô, Phường Tân Vạn	đường ô tô, Phường Tân Vạn
Bán Liền kề dự án HUD Sơn Tây 75m2 hoàn thiện 3 tầng 1 tum giá 3.5 tỉ, mặt tiền đường 12m, sổ đỏ trao tay	3.5	https://batdongsan.vn/ban-lien-ke-du-an-hud-son-tay-75m2-hoan-thien-3-tang-1-tum-gia-35-ti-mat-tien-duong-12m-so-do-trao-tay-r281064	75				"thông tin mô tả:
- bán căn thường 75m² đường 12m 3,56 tỷ.
- bán căn giá tốt 95m² đường 12m chỉ 3.868 tỷ.
- giá căn góc thoáng 97m² đường 12m 5 tỷ.
- tiến độ thanh toán linh hoạt chia làm 8 đợt, mỗi đợt cách nhau 60 ngày.
- tất cả quỹ căn đã có sổ đỏ tổng.
hud sơn tây nơi hình thành một khu đô thị mới văn minh hiện đại tại trung tâm thị xã sơn tây.
phía đông bắc: giáp khu dân cư phường quang trung, quốc lộ 32.
phía tây nam: giáp bến xe sơn tây, đường đô thị dt87a.
phía đông nam: giáp khu dân cư và quốc lộ 21a.
liên hệ xem nhà: 0985 028 591"	False	False	False	False	11	2.4	HUD Sơn Tây, Thị xã Sơn Tây	HUD Sơn Tây, Thị xã Sơn Tây	HUD Sơn Tây, Thị xã Sơn Tây
Hàng thơm - Nhà 2 lầu ST lô nhì Huỳnh Tấn Phát, P.Phú Mỹ, Quận 7, DT 4X10m CN98m2, GIá 3,9 Tỷ(TL)	3.9	https://batdongsan.vn/hang-thom-nha-2-lau-st-lo-nhi-huynh-tan-phat-pphu-my-quan-7-dt-4x10m-cn98m2-gia-39-tytl-r281063	40	4.0	4.0		"hàng thơm - nhà 2 lầu st lô nhì huỳnh tấn phát, p.phú mỹ, quận 7
- diện tích: 4x10m.
- kết cấu: trệt 2 lầu, sân thượng, 4pn, wc riêng.
- vị trí đẹp, lô nhì cách đường huỳnh tấn phát chỉ 15m.
- khu dân cư an ninh, yên tĩnh, thích hợp đầu tư, ở hoặc cho thuê.
- cách pmh 300m, gần co.op mart, chợ phú xuân, trường học các cấp,...
- pháp lý: sổ hồng riêng, hoàn công đầy đủ.
================================="	False	False	True	False	12	2.0	Huỳnh Tấn Phát, Phường Phú Mỹ, Quận 7	Huỳnh Tấn Phát, Phường Phú Mỹ, Quận 7	Huỳnh Tấn Phát, Phường Phú Mỹ, Quận 7
Bán Nhà 1 Lầu Hẻm Xe Hơi Tân Thuận Tây, Quận 7, DT 7,2x15m CN150m2, Gía 8 Tỷ	8.0	https://batdongsan.vn/ban-nha-1-lau-hem-xe-hoi-tan-thuan-tay-quan-7-dt-72x15m-cn150m2-gia-8-ty-r281061	103	3.0	3.0		"bán nhà 1 lầu hẻm xe hơi tân thuận tây, quận 7
------------------------
giá bán: 8 tỷ(tl)
- diện tích: 7.2x15m.
- kết cấu: trệt, 1 lầu, 3pn, 3wc.
- nhà xây kiên cố, có chỗ đậu ôtô trong nhà.
- vị trí đẹp, cách đường chính chỉ 20m, xe hơi ra vào thoải mái.
- kdc hiện hữu, an ninh, gần chợ, trường học, siêu thị, ngân hàng,...
- pháp lý: sổ hồng riêng, hoàn công đầy đủ.
========================="	True	False	True	False	13	2.0	Hẻm Xe Hơi Tân Thuận Tây, Quận 7	Hẻm Xe Hơi Tân Thuận Tây, Quận 7	Hẻm Xe Hơi Tân Thuận Tây, Quận 7
Bán nhà mặt tiền DT 768 thổ cư 138m2 (X. Thạnh Phú) chỉ 4,150 tỉ	4.15	https://batdongsan.vn/ban-nha-mat-tien-dt-768-tho-cu-138m2-x-thanh-phu-chi-4150-ti-r281060	138	2.0			"???????? bán nhà mặt tiền kinh doanh dt 768 shr thổ cư 138m2 (x. thạnh phú)
+ toạ lạc tại vị trí đắc địa,gần chợ,cây xăng thạnh phú
+ diện tích: 4,2x30m (nở hậu 4,9m)
+ sổ hồng riêng thổ cư 100%
+ nhà cấp bốn xây dựng kiên cố gồm: 1 phòng khách,2 phòng ngủ,tolet,nhà bếp .
+ vị trí đắc địa thích hợp vừa ở và phù hợp cho việc kinh doanh mọi nghành nghề nails,spa,mở văn phòng công ty..."	False	False	True	True	14	2.2	đường Kinh Doanh, Xã Thạnh Phú	đường Kinh Doanh, Xã Thạnh Phú	đường Kinh Doanh, Xã Thạnh Phú
Bán Căn Góc Siêu Đẹp 4 Tầng Tại Hoàng Huy Mall, Lê Chân, Hải Phòng - Chỉ 14.5 Tỷ!	14.5	https://batdongsan.vn/ban-can-goc-sieu-dep-4-tang-tai-hoang-huy-mall-le-chan-hai-phong-chi-145-ty-r281056	755	4.0	4.0	Nguyễn Tất Tố, Kênh Dương, Lê Chân, Hải Phòng	"bán căn góc siêu đẹp 4 tầng tại hoàng huy mall, lê chân, hải phòng - chỉ 14.5 tỷ!
liên hệ: mrs tâm - 0796-336-866
thông tin chi tiết:
✅ căn góc lý tưởng với diện tích 75m2, mặt tiền rộng lên đến 15m - một vị trí đắc địa cho mọi loại hình kinh doanh.
✅ nhà xây 4 tầng, đã hoàn thiện với thang máy - đặc biệt thuận tiện cho việc di chuyển và kinh doanh.
✅ vị trí đối diện với 3 tòa tháp hoàng huy commerce, tạo cơ hội tuyệt vời cho kinh doanh và buôn bán.
hoàng huy mall nằm trong khu vực phát triển sầm uất, là điểm đến tuyệt vời để đầu tư và phát triển kinh doanh.
giá: 14,5 tỷ( tt) - đây là cơ hội hiếm có để sở hữu một căn góc đẹp tại vị trí đắc địa này.
cdt group sàn bán nhà hải phòng - đơn vị uy tín số 1 trong lĩnh vực môi giới bất động sản tại hải phòng."	False	False	True	True	15	4.0	Hoàng Huy Mall, Lê Chân, Hải Phòng	Nguyễn Tất Tố, Kênh Dương, Lê Chân, Hải Phòng	Hoàng Huy Mall, Lê Chân, Hải Phòng
Mrs Tâm Bán nhà mặt đường Dân Lập, Lê Chân, Hải Phòng 3 tầng 72m2 giá 4.95 tỷ	4.95	https://batdongsan.vn/mrs-tam-ban-nha-mat-duong-dan-lap-le-chan-hai-phong-3-tang-72m2-gia-495-ty-r281055	72	3.0	2.0	Dân Lập, Lê Chân, Hải Phòng	"bán nhà mặt đường dân lập, dư hàng kênh, lê chân, hải phòng
liên hệ: mrs tâm - 0796-336-866
thông tin chi tiết:
✅ nhà mặt đường dân lập, gần trường đại học dân lập, tọa lạc tại khu vực trung tâm với nhiều tiện ích xung quanh.
✅ vị trí thuận lợi cho nhiều loại hình kinh doanh, như tiệm nails, tiệm tóc, văn phòng, và cả những loại hình khác.
✅ gần trường học cấp 1,2,3, mầm non, trung tâm thương mại aeon, bệnh viện y học biển, vinmec, và nhiều tiện ích khác.
✅ nhà gồm 3 tầng, diện tích sử dụng 72m2, với 3 phòng ngủ rộng, 1 phòng thờ, và 2 sân phơi.
giá bán: 4.95 tỷ (có thương lượng nhẹ).
hãy liên hệ ngay với mrs tâm - sđt 0796-336-866 để biết thêm chi tiết và xem nhà trực tiếp!
cdt group - sàn bán nhà hải phòng - đơn vị uy tín chuyên nghiệp trong lĩnh vực bất động sản tại hải phòng."	False	False	True	True	16	3.0	đường Dân Lập, Lê Chân, Hải Phòng	Dân Lập, Lê Chân, Hải Phòng	đường Dân Lập, Lê Chân, Hải Phòng
Bán Nhà Thuận Tiện Làm Văn Phòng Ở Bình Dương	4.5	https://batdongsan.vn/ban-nha-thuan-tien-lam-van-phong-o-binh-duong-r281052	150	2.0	2.0		"cần bán gấp nhà ở mt de1, mỹ phước 3, bình dương.

- nhà 1 trệt 3 lầu.

- dt sàn 375m2 đã hoàn công.

- tầng trệt đã hoàn thiện thích hợp làm văn phòng.

- trên lầu làm nhà yến (đầy đủ thiết bị).

- xung quanh có đầy đủ các tiện ích: dân cư đông đúc

+ cách chợ 1km

+ cách trường học các cấp ~2km

giá: 4,5 tỷ ( đã giảm hơn 500tr )

lh: 0902.125.769 để xem nhà"	False	False	True	False	17	3.2	đường DE1, Mỹ Phước 3, Bình Dương	đường DE1, Mỹ Phước 3, Bình Dương	đường DE1, Mỹ Phước 3, Bình Dương
Bán nhà mặt tiền đường số 1, Sông Giồng, Q2, 15.5 tỷ 80m2, mát mẻ, sang trọng	15.5	https://batdongsan.vn/ban-nha-mat-tien-duong-so-1-song-giong-q2-155-ty-80m2-mat-me-sang-trong-r281047	80	5.0	4.0		"bán nhà mặt tiền đường số 1, sông giồng, q2
dt 4mx20m
giá 15.5 tỷ thương lượng
kết cấu 1 trệt, 2 lầu, st. gồm 5pn, 4wc.
khu quy hoạch đồng bộ,sổ hồng riêng. vị trí gần trường học an phú, khu thương mại the sun avenue, chợ giồng ông tố,...
lh tâm 0815813400 để xem nhà"	False	False	True	True	18	3.0	đường số 1, Sông Giồng, Quận 2	đường số 1, Sông Giồng, Quận 2	đường số 1, Sông Giồng, Quận 2
Nhà liền kề HimLam Thượng Thanh, Long Biên, 76m x 5 tầng, MT 5m, kinh doanh, 10 tỷ 5	10.5	https://batdongsan.vn/nha-lien-ke-himlam-thuong-thanh-long-bien-76m-x-5-tang-mt-5m-kinh-doanh-10-ty-5-r281042	76			Long Biên	"- bán căn liền kề dự án himlam thượng thanh, long biên. diện tích 75,7m, rộng 5m, xây dựng 5 tầng, đã nhận bàn giao và sổ đỏ của cđt.
- vị trí căn liền kề nằm khu dự án của himlam thượng thanh, long biên. khu vực quy hoạch đẹp thành phố bên sông. khu nhà liền kề nằm ngay trên đường lý sơn (đường lên cầu đông trù), đối diện là dự án khai sơn long biên, đường phân lô, vỉa hè rộng đường lớn 17m, khu vực phát triển đẹp, kinh doanh hoặc văn phòng cực thuận tiện, giao thông tiện lợi kết nối sân bay nội bài về trung tâm thành phố. từ nhà đi lại thuận tiện ra ngô gia tự, nguyễn văn cừ, vũ đức thận, đức giang, nguyễn văn linh, đường ô tô kết nối các ngả.
- hiện trạng nhà nguyên bản chủ đầu tư bàn giao thô bên trong, hoàn thiện mặt ngoài, thiết kế 5 tầng có ô chờ thang máy. chủ mới về chỉ việc hoàn thiện nội thất theo nhu cầu sử dụng, vừa ở vừa kinh doanh hoặc làm văn phòng rất thuận tiện cho giao dịch, giao thương hoàng hóa.
- sổ đỏ sẵn sàng giao dịch.
lh: 0904.882258"	True	False	False	False	19	5.0	đường Lý Sơn, khu dự án HimLam Thượng Thanh, Long Biên	Long Biên	đường Lý Sơn, khu dự án HimLam Thượng Thanh, Long Biên
Bán nhà Quận 2, mặt tiền đường số 4, Sông Giồng 7mx21m, 18.5 tỷ, trệt, 2 lầu, sân thượng, an ninh	4.9	https://batdongsan.vn/ban-nha-quan-2-mat-tien-duong-so-4-song-giong-7mx21m-185-ty-tret-2-lau-san-thuong-an-ninh-r281041	147	4.0	3.0		"bán nhà đường số 4, an phú, quận 2.
dt 7mx21m.
giá 18.5 tỷ thương lượng.
kết cấu 1 trệt, 2 lầu, sân thượng. gồm 4pn, 3wc.
sổ hồng riêng.
vị trí vàng đắc địa liền kề đường mai chí thọ & cao tốc long thành - dầu giây kết nối khu vực thuận tiện.
lh tâm 0815813400 để xem nhà. uy tín."	False	False	False	False	20	3.2	đường số 4, Sông Giồng, Quận 2	đường số 4, Sông Giồng, Quận 2	đường số 4, Sông Giồng, Quận 2
Nhà Chính chủ hẻm 3m Lưu Hữu Phươc, P15, Q8. Giá 2.8tỷ	2.8	https://batdongsan.vn/nha-chinh-chu-hem-3m-luu-huu-phuoc-p15-q8-gia-28ty-r281039	80			Nhà Chính chủ hẻm 3m Lưu Hữu Phươc, P15, Q8.	"+ nhà chính chủ, còn mới đẹp. chỉ cần xách vali vào ở.
+ diện tích sàn sử dụng 72m. thiết kế: trệt + lầu + ban công
+ diện tích 37m2. ngang 3.5m x 12m. nhà xây dựng kiên cố.
+ thiết kế: trệt + lầu. 2pn, 2wc. hẻm 3m. xe ba gác tận cửa
+ sổ hồng hoàn công đầy đủ. cách mặt đường 50m.
+ giá 2.8tỷ. bớt lộc, cần bán gấp. có bớt cho khách mua nhanh.
+ an tâm tuyệt đối vì được hỗ trợ pháp lý đầy đủ khi mua bán.
liên hệ: 0906 072 039. bé bảo. trung tâm mua bán ký gửi nhà đất các quận"	False	False	False	True	21	2.0	hẻm Lưu Hữu Phước, Phường 15, Quận 8	Nhà Chính chủ hẻm 3m Lưu Hữu Phươc, P15, Q8.	hẻm Lưu Hữu Phước, Phường 15, Quận 8
Bán nhà HXH Nguyễn Oanh, chỉ hơn 1 tỷ, nở hậu, hoàn công, không quy hoạch	1.79	https://batdongsan.vn/ban-nha-hxh-nguyen-oanh-chi-hon-1-ty-no-hau-hoan-cong-khong-quy-hoach-r281034	12	2.0	2.0	Thành phố Hồ Chí Minh	"bán nhà hxh nguyễn oanh, chỉ hơn 1 tỷ, nở hậu, hoàn công, không quy hoạch
. vị trí: p.17 gò vấp, hẻm 1/ gần mặt tiền nguyễn oanh, lê đức thọ, chợ an nhơn.
. kết cấu: 1 trệt, 1lầu, 2pn, 2wc. đúc bê tông mái, có thể làm thêm tâng thượng + 1 lửng.
. hẻm xe hơi đến nhà, hẻm thông sạch sẽ, thoáng mát.
. sổ hồng riêng, nở hậu, hoàn công đủ, không quy hoạch.
gọi ngay 0902177052 xem nhà thương lượng chính chủ."	True	False	True	True	22	2.0	HXH Nguyễn Oanh, Phường 17, Quận Gò Vấp	Thành phố Hồ Chí Minh	HXH Nguyễn Oanh, Phường 17, Quận Gò Vấp
BÁN NHÀ HẺM KINH DƯƠNG VƯƠNG, BÌNH TÂN, 3 TẦNG, 60m2, 4PN. 7TỶ NHỈNH	7.5	https://batdongsan.vn/ban-nha-hem-kinh-duong-vuong-binh-tan-3-tang-60m2-4pn-7ty-nhinh-r281024	60	4.0	4.0	Hẻm Kinh Dương Vương, Phường An Lạc, Bình Tân, HCM	hẻm xe hơi thông tứ tung, nhà 3 tầng 4pn, ban công rộng thoáng, khu phân lô đồng bộ toàn nhà cao tầng, xe hơi đỗ cửa ngày đêm, gần bến xe miền tây, giáp quận 6, tiện kinh doanh. sổ vuông vức, công chứng nhanh, nhà mới đẹp	True	False	False	False	23	3.0	Hẻm Kinh Dương Vương, Quận Bình Tân	Hẻm Kinh Dương Vương, Phường An Lạc, Bình Tân, HCM	Hẻm Kinh Dương Vương, Quận Bình Tân
Nhà Mặt Tiền Kinh Doanh Trần Hữu Trang Phường 11 PN, 4.5 nở hậu 8 x 25, 2 Tầng, Nhỉnh 7 Tỷ	7.5	https://batdongsan.vn/nha-mat-tien-kinh-doanh-tran-huu-trang-phuong-11-pn-45-no-hau-8-x-25-2-tang-nhinh-7-ty-r281022	165	4.0	4.0	đường Trần Hữu Trang	"nhà mặt tiền kinh doanh trần hữu trang phường 11 pn, 4.5 nở hậu 8 x 25, 2 tầng, nhỉnh 7 tỷ.
bác chủ cần bán gấp căn nhà ở lâu năm cho khách mới nhà ngay trung tâm phú nhuận đường trần hữu trang giao các tuyến đường lê văn sỹ đường mai văn ngọc, đường huỳnh văn bánh, đường nguyễn đình chính di chuyển nhanh qua quận 1, quận 3, quận phú nhuận, đi đến sân bay tân sơn nhất chỉ 5 - 10 phút.
thông số diện tích 165m2 ( ngang 4.5m nở hậu 8m x dài 25m ) công nhận đủ.
nhà cấp 4 riện xây lại và ở thoải mái, hiện tại nhà chủ đang ở 3 gia đình. (hình minh họa )
vị trí mặt tiền, chủ đang kinh doanh tạp hóa, giao thông thuận tiện.
sổ hồng riêng chính chủ, pháp lý chuẩn, công chứng mua bán ngay
liên hệ xuân nghị để xem và tìm nhà ưng ý miển phí 0987581589"	False	False	False	True	24	2.0	đường Trần Hữu Trang, Phường 11, Quận Phú Nhuận	đường Trần Hữu Trang	đường Trần Hữu Trang, Phường 11, Quận Phú Nhuận
Bán nhà đường Nơ Trang Long- góc Nguyễn Xí - ngang 7.5m- đang thuê 16 triệu	7.3	https://batdongsan.vn/ban-nha-duong-no-trang-long-goc-nguyen-xi-ngang-75m-dang-thue-16-trieu-r281021	88	3.0	3.0	Đường Nơ Trang Long, P. 13, Q. Bình Thạnh, TP. HCM	"+ ngang bề thế: 7.5x11m, nở hậu tài lộc 8.2m
+ trệt lửng lầu, đúc btct, 3 phòng ngủ, 3wc
+ nhà đang cho thuê 16 triệu/ tháng.
+ hẻm ba gác đậu cửa, sát mặt tiền.
+ ngang tận 7.5m, thị trường cực hiếm.
+ liên hệ chính chủ để được hẹn đi xem."	False	True	True	False	25	3.2	đường Nơ Trang Long, góc Nguyễn Xí	Đường Nơ Trang Long, P. 13, Q. Bình Thạnh, TP. HCM	đường Nơ Trang Long, góc Nguyễn Xí
Shophouse 5 tầng sở hữu lâu dài ngay trung tâm Bình Tân liền kề Aeon Mall và khu dân cư tên lửa	12.0	https://batdongsan.vn/shophouse-5-tang-so-huu-lau-dai-ngay-trung-tam-binh-tan-lien-ke-aeon-mall-va-khu-dan-cu-ten-lua-r281017	64			311 An Dương Vương	"the sholi bình tân - nhà phố thương mại thiết kế độc đáo.
- vị trí đắc địa mặt tiền đường an dương vương, p. an lạc, quận bình tân, tphcm.
- quy mô gồm: 90 căn nhà phố.
- pháp lý: gpxd, đã có sổ đỏ cho từng căn.
- ngân hàng hỗ trợ: viettinbank hỗ trợ 70%.
- quy cách xây dựng: 1 trệt 1 lửng 3 lầu + sân thượng áp mái.
- tiện ích: an ninh 24/7, công viên cây xanh.

* chính sách ưu đãi dành cho kh:
- thanh toán 12 tháng.
- thanh toán nhanh 50% ck 4%.
- thanh toán nhanh 70% ck 6%.
- thanh toán nhanh 95% ck 8%.

* tiện ích ngoại khu đầy đủ và thuận tiện: công viên lý chiêu hoàng, chợ kiến đức 2, công viên phú lâm, siêu thị aeon mall bình tân, siêu thị mega bình phú cách 10 phút di chuyển; các trường mầm non, thcs & thpt bán kính 2km, điện đường trường trạm đầy đủ... đặc biệt là nằm sau lưng bến xe miền tây.
* đã có sổ đỏ riêng cho từng căn, đã có giấy phép xây dựng từng căn.
* nhà phố được thiết kế thích hợp kết hợp vừa kinh doanh & vừa an cư thuận tiện dễ dàng mua bán/cho thuê.
* nằm trong khu dân cư hiện hữu chỉ mất chưa đầy 5 phút để di chuyển đến trung tâm hành chính quận bình tân.
* khu nhà phố nằm trên mặt tiền đường an dương vương và chỉ cách tuyến đường huyết mạch đại lộ võ văn kiệt, kinh dương vương, chỉ chưa đầy 500m.
- giá thương lượng"	False	False	True	True	26	5.0	đường An Dương Vương, Phường An Lạc, Quận Bình Tân, TP.HCM	311 An Dương Vương	đường An Dương Vương, Phường An Lạc, Quận Bình Tân, TP.HCM
CHỦ CẦN BÁN GẤP - (4×16) - 2 TẦNG - HẺM 5m - NHỈNH 3 TỶ	3.45	https://batdongsan.vn/chu-can-ban-gap-416-2-tang-hem-5m-nhinh-3-ty-r281016				TÂN CHÁNH HIỆP - q12	"ngang 4m dài 16m

nhà kết cấu:
1 trệt 1 lầu
pk - 3pn - 2wc - bếp

????kdc an ninh,dân trí cao.

hẻm 5m - ko lộ giới - ko quy hoạch

- sổ hồng riêng - hoàn công đầy đủ

tân chánh hiệp - q12

- giá 3,45 tỷ .thương lượng

- lh 0934 87 47 23 a hiếu ( zalo)

- nhận kỷ gửi mua bán bđs theo yêu cầu"	False	False	False	False	27	2.0	Tân Chánh Hiệp, Quận 12	TÂN CHÁNH HIỆP - q12	Tân Chánh Hiệp, Quận 12
5 TẦNG - HẺM 6m – GIÁP GÒ VẤP - NHỈNH 4 TỶ	4.25	https://batdongsan.vn/5-tang-hem-6m-giap-go-vap-nhinh-4-ty-r281014	44			ĐÔNG HƯNG THUẬN - q12	"ngang 4,2m - dài 9,5 m

nhà kết cấu:
1 trệt - 2 lầu - sân thượng
pk 4pn 3wc bếp

????kdc an ninh,dân trí cao.

hẽm 6m

- sổ hồng riêng - hoàn công đầy đủ

đong hưng thuận - giap gò vấp - q12

- giá 4,25 tỷ .thương lượng

- lh 0934 87 47 23 a hiếu ( zalo)

- nhận kỷ gửi mua bán bđs theo yêu cầu"	False	False	False	False	28	4.6	đồng Hưng Thuận, Giáp Gò Vấp, Quận 12	ĐÔNG HƯNG THUẬN - q12	đồng Hưng Thuận, Giáp Gò Vấp, Quận 12
Nhà ngõ 29 Khương Hạ,43m,5 tầng,ô tô tải tránh,kinh doanh,2 thoáng,8.5 tỷ,0348051001	8.5	https://batdongsan.vn/nha-ngo-29-khuong-ha43m5-tango-to-tai-tranhkinh-doanh2-thoang85-ty0348051001-r281012	43				"nhà ngõ 29 khương hạ,43m,5 tầng,ô tô tải tránh,kinh doanh,2 thoáng,8.5 tỷ,0348051001
mô tả:
+ vị trí rất đẹp, sát mặt ngõ 29. ngõ thông, trước cửa nhà 2 ô tô tải tránh nhau thoải mái,
+ xung quanh sát bãi gửi ô tô, chợ, nhiều trường học.
+ ở, kinh doanh, văn phòng, online tuyệt vời.
+ vị trí đẹp, ngõ đẹp, thông, ô tô, kinh doanh, ở luôn, nét căng, nói không với lỗi phong thuỷ.
+ sổ đỏ vuông, chính chủ, giao dịch ngay.
+ giá 8.5 tỷ ra lộc nhẹ.
lh:e trí 0348051001 để được kết nối gặp chủ nhà đàm phán ngay.(miễn tg, môi giới)"	True	False	True	False	29	5.0	ngõ 29 Khương Hạ	ngõ 29 Khương Hạ	ngõ 29 Khương Hạ
Bán nhà Nguyễn Chí Thanh, 103m2 kinh doanh đa dịch vụ, VIP trung tâm Ba Đình	37.0	https://batdongsan.vn/ban-nha-nguyen-chi-thanh-103m2-kinh-doanh-da-dich-vu-vip-trung-tam-ba-dinh-r281011	103	4.0			"trung tâm của trung tâm - hiếm vip nhất ba đình - đẳng cấp thượng lưu ở sướng kinh doanh đỉnh - tòa nhà 8 tầng đa dịch vụ - thang máy 750kg nhập khẩu - vị trí cực đỉnh cách mặt phố 10m tương lai trước nhà hai làn ôtô - vị trí hai mặt ngõ 3 thoáng trước sau đều có cửa và ban công. mặt sau view hồ ngọc khánh, mặt trước view lotte.
thiết kế:
nhà xây dựng năm 2018 móng ép cọc sâu, dầy chi chít rất chắc chắn, có gpxd và pccc đầy đủ. gia chủ xây để ở nên đồ đạc nội thất toàn hàng xịn, thang máy to chục người, nay con trai vào nam sinh sống nên bán.
tòa nhà hiện chủ vừa ở, kinh doanh và cho thuê
- tầng 1: lễ tân, sảnh tiếp khách, để xe.
- tầng 2,3: chủ làm spa.
- tầng 4: chủ ở gồm 2 căn hộ studio (2pn, 2wc, 2 bếp)
- tầng 5: cho thuê văn phòng.
- tầng 6: cho thuê nha khoa.
- tầng 7: căn hộ cao cấp cho người hàn quốc thuê.
- tầng 8: phòng thờ, kho, sân phơi, sảnh cafe.
sổ đỏ vuông đẹp nở hậu phong thủy đẹp, cất két, sẵn sàng giao dịch
liên hệ vũ trung 0915164636
“môi giới tử tế - coi nhà khách như nhà mình”"	True	False	False	False	30	8.0	Nguyễn Chí Thanh, Quận Ba Đình	Nguyễn Chí Thanh, Quận Ba Đình	Nguyễn Chí Thanh, Quận Ba Đình
Nhà ngõ 30 Ngọc Thụy, gần Mipec 35m2, 4T, ở luôn, 3.1 tỷ	3.1	https://batdongsan.vn/nha-ngo-30-ngoc-thuy-gan-mipec-35m2-4t-o-luon-31-ty-r281010	35	4.0	3.6	Ngõ 30 Đường Ngọc Thụy, Phường Ngọc Thụy, quận Long Biên, Hà Nội	"cần bán nhà riêng ngõ 30 phố ngọc thụy, phường ngọc thụy, quận long biên, hà nội, diện tích 35,2 m2, mặt tiền 3,7 m, thiết kế 4 tầng, cầu thang cuối, nở hậu.
+ tầng 1: pk, bếp, wc.
+ tầng 2,3: mỗi tầng 01 pn, wc.
+ tầng 4: phòng thờ, sân phơi.
sổ đỏ chính chủ, giao dịch luôn, ngõ trước nhà rộng, thoáng sáng, hơn 2m, 100 m ra đường ô tô , yên tĩnh, dân trí cao, ngay chân cầu long biên, gần mipec thăng long, gần nhiều trường học, chợ dân sinh, hướng tây nam, giá chuyển nhượng 3,1 tỷ, khách mua nhà quan tâm xin liên hệ: nguyễn hùng 0981258622."	True	False	True	True	31	4.0	ngõ 30 phố Ngọc Thụy, Phường Ngọc Thụy, Quận Long Biên, Hà Nội	Ngõ 30 Đường Ngọc Thụy, Phường Ngọc Thụy, quận Long Biên, Hà Nội	ngõ 30 phố Ngọc Thụy, Phường Ngọc Thụy, Quận Long Biên, Hà Nội
Siêu hiếm – mặt phố chợ Thanh Xuân Bắc - ô tô đỗ cửa, kinh doanh đủ loại 1,2 tỷ	1.2	https://batdongsan.vn/sieu-hiem-mat-pho-cho-thanh-xuan-bac-o-to-do-cua-kinh-doanh-du-loai-12-ty-r281009	19	1.0	1.0	Nguyễn Quý Đức, Thanh Xuân Bắc, Thanh Xuân, Hà Nội, -Dự án-	nhà mặt phố kinh doanh, khu chợ thanh xuân bắc, đường nguyễn quý đức, phường thanh xuân bắc, quận thanh xuân, hà nội, diện tích 19 m2 x 1 tầng, mặt tiền 3 m, giấy tờ hợp lệ sẵn sàng giao dịch, gần nhiều trường học, chợ dân sinh, hướng đông nam, giá chuyển nhượng 1,2 tỷ, khách mua nhà quan tâm xin liên hệ: nguyễn hùng 0981258622	False	False	True	True	32	1.0	đường Nguyễn Quý Đức, Phường Thanh Xuân Bắc, Quận Thanh Xuân, Hà Nội	Nguyễn Quý Đức, Thanh Xuân Bắc, Thanh Xuân, Hà Nội, -Dự án-	đường Nguyễn Quý Đức, Phường Thanh Xuân Bắc, Quận Thanh Xuân, Hà Nội
2 TẦNG - (12*9) - HẺM 6m –GẦN 5 TỶ	4.99	https://batdongsan.vn/2-tang-129-hem-6m-gan-5-ty-r281008	110			TÂN THỚI HIỆP - q12	"ngang 12 m dài 9 m
nhà kết cấu:
1 trệt 1 lầu
pk 3pn 2wc bếp
sân trước để xe hơi
sân sau ❤️

kdc an ninh,dân trí cao.

hẽm 6m to đùng oto quay đầu.

- sổ hồng riêng - hoàn công đầy đủ

tân thới hiệp - q12

- giá giảm còn 4 tỷ 999tr .thương lượng

- lh 0934 87 47 23 a hiếu ( zalo)

- nhận kỷ gửi mua bán bđs theo yêu cầu"	True	False	False	False	33	2.0	Tân Thới Hiệp, Quận 12	TÂN THỚI HIỆP - q12	Tân Thới Hiệp, Quận 12
Nhà mua ở hoặc cho thuê tháng 10 triệu, diện tích 42m2	4.65	https://batdongsan.vn/nha-mua-o-hoac-cho-thue-thang-10-trieu-dien-tich-42m2-r281007	42	2.0	2.0		"nhà phan văn trị, phường 11, bình thạnh
+ diện tích: 4.1m x 10.5m = 42m2
kết cấu: cấp 1 trệt 1 lầu : 2 phòng ngủ, 2wc
+ vị trí: cách hẻm xe tải 20m
hotline : duyên 0908638007 để biết thêm chi tiết.
hình minh họa"	False	False	False	False	34	2.0	phường Phan Văn Trị, Phường 11, Quận Bình Thạnh	phường Phan Văn Trị, Phường 11, Quận Bình Thạnh	phường Phan Văn Trị, Phường 11, Quận Bình Thạnh
Trương Đức Toàn	5.68	https://batdongsan.vn/truong-duc-toan-r281006	68	6.0	5.0	Thành phố Hồ Chí Minh	"-bình tân- lê văn quới- khu phân lô - đường nhựa ô tô tránh - dân trí vip- an ninh, yên tĩnh.
+ nhà mới 5 tầng, 6pn, wc. nội thất cao cấp.
-gấp bán chỉ 5 t.ỷ 6 tlcc, pháp lý chuẩn.
☎️zalo 0938059388. nhà phố sg.
+ nhà xây đôi thiết kế hiện đại sang trọng, nội thất cao cấp, thoáng mát trước sau.
+ khu phân lô dân trí cao, xung quanh dãy nhà lầu cao tầng khang trang."	True	False	False	False	35	5.0	Lê Văn Quới, Bình Tân	Thành phố Hồ Chí Minh	Lê Văn Quới, Bình Tân
Trương Đức Toàn	5.68	https://batdongsan.vn/truong-duc-toan-r281005	68	6.0	5.0	Thành phố Hồ Chí Minh	"-bình tân- lê văn quới- khu phân lô - đường nhựa ô tô tránh - dân trí vip- an ninh, yên tĩnh.
+ nhà mới 5 tầng, 6pn, wc. nội thất cao cấp.
-gấp bán chỉ 5 t.ỷ 6 tlcc, pháp lý chuẩn.
☎️zalo 0938059388. nhà phố sg.
+ nhà xây đôi thiết kế hiện đại sang trọng, nội thất cao cấp, thoáng mát trước sau.
+ khu phân lô dân trí cao, xung quanh dãy nhà lầu cao tầng khang trang."	True	False	False	False	36	5.0	đường Lê Văn Quới, Bình Tân	Thành phố Hồ Chí Minh	đường Lê Văn Quới, Bình Tân
Nhà Thịnh Hào 1,50m,lô góc,ô tô đỗ,khu quan chức,10 tỷ,0987189596	10.0	https://batdongsan.vn/nha-thinh-hao-150mlo-goco-to-dokhu-quan-chuc10-ty0987189596-r281004	50			Ngõ Thịnh Hào 1	"nhà thịnh hào 1,50m,lô góc,ô tô đỗ,khu quan chức,10 tỷ,0987189596
vị trí:
+ nhà căn góc 2 mặt thoáng vĩnh viễn, khu nhiều quan chức, trung tâm quận đống đa.
+ trước nhà rộng rãi, thoáng, sáng, ô tô đỗ, tránh nhau, kinh doanh nhỏ.
mô tả:
+ nhà dân xây, cầu thang giữa khung cột chắc chắn lên thêm vài tầng nữa thoải mái.
- tầng 1: phòng khách, bếp, wc.
- tầng 2: 2 phòng, wc.
- tầng 3: 2 phòng, wc.
- tầng 4: phòng thờ, sân phơi.
+ sổ đỏ vuông, chính chủ, giao dịch ngay.
+ giá 10 tỷ ra lộc nhẹ.
lh:e trí 0987189596 để được kết nối gặp chủ nhà đàm phán ngay.(miễn tg, môi giới)"	True	False	False	False	37	4.0	Nhà Thịnh Hào, Quận Đống Đa	Ngõ Thịnh Hào 1	Nhà Thịnh Hào, Quận Đống Đa
