Title	Price	Diện tích (m2)	Số phòng ngủ	Số phòng WC	Địa chỉ	Description	Chỗ để xe hơi	Đang cho thuê	CSVC xung quanh	Vấn đề pháp lý, sổ đỏ	ExtractedTitle	Address1	Address2
Hết ý bài thơ, Hồ Tùng Mậu, 34m2, 5T, nhỉnh 4 tỷ, Bắc Từ Liêm	4.3	34.0	5.0	4.0	Hồ Tùng Mậu	"+ Khu vực giá trị, trung tâm, nhiều tiện ích bủa vây
+ Đi nhẹ vài bước chân ra Hồ Tùng Mậu, ga đường sắt trên cao
+ Khu vực gần Đại Học Thương Mại, Công Nghiệp, UBND quận Nam Từ Liêm
+ Gần trục xa lộ Ba Vì - Hồ Tây rộng 70m, hình thành trong tương lai.
+ Khu nhà xây theo kiểu biệt thự liền kế, thiết kế xây dựng đồng bộ, hiện đại
+ Nhà xây mới full toàn bộ nội thất
+ Sổ đỏ cất két
Liên hệ: o3bảy980913hai"	False	False	True	False	Hồ Tùng Mắm, Nam Từ Liêm	Hồ Tùng Mậu	Hồ Tùng Mắm, Nam Từ Liêm
Gò Vấp, HXH 1 sẹc Quang Trung Phường 8, 63m2 2 tầng chỉ 6.3 tỷ	4.9	63.0	4.0	3.0	Quang Trung	"MS 15323
*Vị trí: nhà hẻm 1 sẹc đường Quang Trung, Phường 8 Gò Vấp, gần mặt tiền.
* Diện tích 63m2, ngang 4m nở hậu nhẹ, dài 15.6m, 2 tầng với 4 phòng ngủ, 3WC, ban công, sân để xe.
* Hẻm xe hơi, tráng nhựa sạch sẽ.
* Pháp lý chuẩn công chứng ngay."	False	False	True	False	đường Quang Trung, Phường 8, Quận Gò Vấp	Quang Trung	đường Quang Trung, Phường 8, Quận Gò Vấp
Giảm 1 tỷ bán trong 3 ngày hẻm ô tô Lạc Long Quân, Phường 10, Tân Bình 60m2 4.9 tỷ 0977943598	6.3	60.0				"CỰC GẤP BÁN GIẢM 1 TỶ BÁN TRONG 3 NGÀY.
+ Diện tích: 60m2, không lộ giới, quy hoạch
+ Kết cấu: 1 trệt 1 lầu đúc BTCT, gồm 3 phòng ngủ, 3 WC, tặng hết nội thất gỗ cho chủ mới.
+ Hẻm ô tô thông, cạnh công viên cây xanh, cực mát, thoáng.
Giá bán: 4.9 tỷ còn thương lượng
Liên hệ ngay: 0977943598(có zalo)."	False	False	True	False	hẻm ô tô Lạc Long Quân, Phường 10, Quận Tân Bình	hẻm ô tô Lạc Long Quân, Phường 10, Quận Tân Bình	hẻm ô tô Lạc Long Quân, Phường 10, Quận Tân Bình
Mua ĐẤT – TẶNG – NHÀ, cạnh chợ Thủ Đức, trung tâm Trường Thọ, thích hợp đầu tư, gấp bán, giá chỉ 3tỷ9.	4.9	92.0	2.0	1.0	Trường Thọ, Thủ Đức	"- Nhà 92m2 nở hậu đẹp, ngay trung tâm Trường Thọ, Thủ Đức
- Nhà xây c4, 2 phòng ngủ, 1wc, phòng khách, bếp, sân trước nhà rộng để xe thoải mái, hông nhà có lối thoát hiểm, trổ được cửa sổ đón gió.
- Hẻm nhà 3 gác, cách hẻm xe tải chỉ 30m, tiện di chuyển ra Phạm Văn Đồng, Đặng Văn Bi.
- Pháp lý chuẩn, mua bán công chứng ngay."	False	False	True	False	Trường Thọ, Thủ Đức	Trường Thọ, Thủ Đức	Trường Thọ, Thủ Đức
KHÔNG THỂ TIN, MUA ĐẤT TẶNG NHÀ, TTHC PHƯỜNG PHÚ HỮU,55M2 GIÁ NHỈNH 3T	3.9	54.0	3.0	2.0	Đường Nguyễn Duy Trinh, Phường Phú Hữu, Quận 9, TP. HCM	"KHÔNG THỂ TIN, MUA ĐẤT TẶNG NHÀ, TTHC PHƯỜNG PHÚ HỮU,55M2 GIÁ NHỈNH 3T
Chủ nhà quyết tâm bán, Đường ô tô, Có thể cho thuê ngay từ 7 - 9tr/ tháng.
+ Diện tích: 54m2 (4.5x12)
Nhà Gồm 2 PN + 1 WC , Còn Mới .
+ Vị Trí Đẹp liền kề Trường Học , Các Trường Đại Học , Gần Chợ , Bệnh Viện Đi Đâu Cũng Tiện, Liền kề Nguyễn Duy Trinh đi Quận 2, Quận 1 thuận tiện.
+ Sổ Hồng riêng, Pháp lý chuẩn.
GIÁ ƯU ĐÃI CHỈ 3 TỶ 3. CHỦ MONG MUỐN BÁN NÊN CHỈ CẦN KHÁCH MONG MUỐN MUA SẼ CÓ GIÁ TỐT
liên hệ ngay
0869818969

Hỗ trợ thông tin - uy tín - nhiệt tình. Miễn Trung Gian"	False	True	True	False	Phường Phú Hữu, Quận 9	Đường Nguyễn Duy Trinh, Phường Phú Hữu, Quận 9, TP. HCM	Phường Phú Hữu, Quận 9
Bán mặt bằng xây CHUNG CƯ MINI cực hiếm gần ngay Ngã Tư Sở chỉ 4.95 tỷ.	3.3	62.0			12	"* Nhà nằm ngay gần đường Láng, chỉ cách 1 nhà ra mặt phố. Vị trí cực đẹp lô góc thoáng vĩnh viễn, mặt tiền rộng, khu vực dân trí cao ngay gần Ngã Tư Sở, ô tô xếp hàng trên đường Láng. Khách ở chung cư mini có thể đi bộ sang Royal City vui chơi thoải mái. Giao thông đi lại thuận tiện, kết nối với các trường Đại học lớn, các bệnh viện hàng đầu tuyến Trung Ương chỉ vài phút chạy xe.
* Nhà hiện có 2 tầng cũ không cần bàn nhiều, khách mua đập đi xây CCMN THANG MÁY đỉnh. Với vị trí đắc địa thì phòng cho thuê CCMN tại đây sẽ luôn cháy hàng với giá cho thuê cao.
* Với diện tích 61.6 m2 mặt tiền 6.7m, sổ đỏ cất két sẵn sàng giao dịch thì giá bán 4.95 tỷ là quá họp lý để đầu tư.
* Quan tâm liên hệ: 0963.14.68.79 gặp anh Dũng."	False	False	True	False	đường Láng, Ngã Tư Sở	12	đường Láng, Ngã Tư Sở
LINH XUÂN,THỦ ĐỨC, HẺM XE HƠI, CẠNH PHẠM VĂN ĐỒNG, 98M2, NGANG 5.5,KQH, SHR, CHỈ 3 TỶ 5	4.95	98.0				"LINH XUÂN,THỦ ĐỨC, HẺM XE HƠI, CẠNH PHẠM VĂN ĐỒNG, 98M2, NGANG 5.5,KQH, SHR, CHỈ 3 TỶ 5
Bán nhà hẻm xe hơi Linh Xuân Thủ Đức, 98m2, ngang 5.5, SHR, chỉ 3.5 tỷ
+ Kết cấu nhà cấp còn mới xách vali vào ở ngay, hiện đang đang cho thuê.
+ Sổ hồng vuông vức, nở hậu, công nhận đủ.
+ Hẻm xe hơi 1 trục ra Phạm Văn Đồng nhỉnh 35 triệu/m2 không có căn thứ 2.
+ Giá 3 tỷ 500 ( thương lượng)
LH 0905238089 Mr Ảnh"	False	True	True	False	hẻm xe hơi Linh Xuân, Quận Thủ Đức	hẻm xe hơi Linh Xuân, Quận Thủ Đức	hẻm xe hơi Linh Xuân, Quận Thủ Đức
⏩ QUẬN 11 - LÊ THỊ BẠCH CÁT - 3,1 tỷ	3500000	30.0	4.0			"⏩ QUẬN 11 - LÊ THỊ BẠCH CÁT - 3,1 tỷ

↗️Diện tích: 3m7 x 8m ( DTSD: 55m2 )
↗️Kết cấu: BTCT 1 trệt 1 lầu 2 PN. Phòng khách bếp 2WC.
↗️Vị trí: hẻm 3 gác sạch sẽ.

☎️ Gọi ngay đi xem Nhà Đẹp này 093 888 6128 Thúy Dinh ( 翠莹 ).
⏩ Kết bạn Zalo để xem kho hàng và luôn cập nhật hàng mới nhất
---------------------
KHÔNG TIN ẢO - NHÀ THẬT HÌNH THẬT
Ms517"	False	False	True	False	Lê Thị Bạch Cát, Quận 11	Lê Thị Bạch Cát, Quận 11	Lê Thị Bạch Cát, Quận 11
Nhà cuối Đồng Khởi ngay cồng ty CHANGSHIN giá chỉ 1ty080tr	3.1	120.0	3.0	2.0	thạnh phú	"Nhà cuối Đồng Khởi ngay cồng ty CHANGSHIN giá chỉ 1ty080tr, bao thuế phí ( giá thật 100%) ❤️
- Cách Biên Hoà chỉ 4km, đường Đổng Khởi 500m
- Pháp lý thổ cư 100%, đường 5m oto đi thoải mái
- Công năng 3pn, 2wc, pkhach, bếp, sân phơi...
- 300m đầy đủ tiện ích trường, chơ, uỷ ban, bhx...
- Hỗ trợ trả chậm cho anh chị em công nhân
Liên hệ em xem nhà ạ 0365 71 71 77 Quý 18 tuổi ❤️❤️❤️"	False	False	True	False	đường Đổng Khởi, ...)	thạnh phú	đường Đổng Khởi, ...)
Bán Biệt Thự 3 tầng Khu Đô Thị An Vân Dương Thành Phố Huế,	1080000	112.0	4.0	4.0	Khu A Đô Thị Mới An Vân Dương	"=> Không gian sống của giới thượng lưu, an ninh tuyệt đối.
=> Thiết kế theo phong cách hiện đại.
- Cách TTTM AEON MALL 3m
- Diện tích 100m2, 112m2, 119m2, 154m2,202m2.
- Đường 13,5m, 19,5m, 26m, 44m.
- Giá 6 Tỷ (thương lượng). Chiết khấu lên đế 1x%
-Thiết kế theo phong cách hiện đại, có sân vườn, 02 phòng khách, 04 phòng ngủ, Sân đậu 02 Ôtô, ban công, bếp hiện đại
--------------------------
THÔNG TIN LIÊN HỆ:
Công ty CPĐT Bất Động Sản Phúc Đại Việt
""????????????̂́???? ????????̣???? ????????????́ ????????????̣ ????????̛????̛???????? ????????????""
☎ Hotline Thanh Ngân 0868472415"	False	False	True	False	Đường 13,5m, 19,5m, 26m, 44m, Khu Đô Thị An Vân Dương, Thành Phố Huế	Khu A Đô Thị Mới An Vân Dương	Đường 13,5m, 19,5m, 26m, 44m, Khu Đô Thị An Vân Dương, Thành Phố Huế
Nhà mới, hẻm xe hơi, giảm 150tr còn 4 tỷ, tặng toàn bộ nội thất 51m2	7	51.0	2.0	2.0		"Tầng 1: Khách, bếp, 1 nhà vệ sinh.
Tầng 2: 2 phòng ngủ, 1 nhà vệ sinh.
- Nhà cách đường Nguyễn Thị Diệp chỉ 20m, hẻm thẳng tắp.
- Cách chợ đêm Linh Trung 50m. Khu chế suất Linh Trung chỉ 100m.
- Nhà chủ đang ở, nội thất như mới.
- Chủ đang vay ngân hàng 2 tỷ, giá nào cũng bán.
Liên hệ: Anh Tùng???? 098.800.2915 – 077.800.9599 ( gọi hoặc nhắn tin 24/24)
Miễn phí xem nhà – Ngân hàng phong phú – Nhiệt tình tận tâm"	False	True	True	True	đường Nguyễn Thị Diệp, Phường Linh Trung	đường Nguyễn Thị Diệp, Phường Linh Trung	đường Nguyễn Thị Diệp, Phường Linh Trung
HXH Võ Văn Hát, P. Long Trường, Q9, 54.5m2, giá còn 3.2 tỷ	4	55.0	2.0	2.0		"- Gần ngã 3 Lã Xuân Oai - Lò Lu
- Nhà C4, 2PN + 2Wc, giếng trời, nở hậu
- Pháp lý chuẩn, sổ riêng, công chứng ngay"	False	False	True	False	ngã 3 Lã Xuân Oai - Lò Lu, P. Long Trường, Quận 9	ngã 3 Lã Xuân Oai - Lò Lu, P. Long Trường, Quận 9	ngã 3 Lã Xuân Oai - Lò Lu, P. Long Trường, Quận 9
HXH Hoàng Hữu Nam, Quận 9, Thủ Đức, 4x14m, giá còn 3.6 tỷ	3.2	56.0	3.0	2.0		"+ Diện tích 56m², ngang 4m dài 14m.

+ Kết cấu: Nhà 1 trệt 1 lầu 3PN 2WC.

+ Hẻm xe hơi 6m, sát mặt tiền đường.

+ Pháp lý chuẩn, sổ riêng."	False	False	True	False	Hoàng Hữu Nam, Quận 9, Thủ Đức	Hoàng Hữu Nam, Quận 9, Thủ Đức	Hoàng Hữu Nam, Quận 9, Thủ Đức
GIÁO VIÊN, bán nhà Tân Mai, ô tô qua nhà, DT: 35m2 x 5T giá 3.2 tỷ	3.6	35.0	5.0	3.0	Tân Mai, Hoàng Mai, Hà Nội	"CHÍNH CHỦ BÁN GẤP NHÀ TÂN MAI, Ô TÔ QUA, ĐẸP Ở LUÔN, GẤP TRONG THÁNG NÀY.
+ Phố VIP ra Giải Phóng, Bách Kinh Xây rất tiện.
+ Nhà xây được 2 năm còn mới, gần các trường học.
+ 40m ra bãi gửi ô tô, quá tiện.
+ Diện tích: 35m2 x 5 tầng.
Sổ đỏ chính chủ, sang tên ngay
Liên hệ: Đậu Thuyết 0364056398

Tân Mai giao Kim Đồng, Tam Trinh, Giải Phóng, Lương Khánh Thiện, Trương Định,.."	True	False	True	False	phố Giải Phóng, phường Tân Mai	Tân Mai, Hoàng Mai, Hà Nội	phố Giải Phóng, phường Tân Mai
Nhà rộng ô tô đỗ cửa Âu Cơ, P10 Tân Bình, cạnh ĐH Văn Hiến, 5.7 tỷ	3.2	62.0	3.0	2.0	Âu Cơ, P.10, Tân Bình	Nhà kết cấu trệt 1 lầu, 3 phòng ngủ, sân trước để xe. Hẻm ô tô sạch thoáng. Vị trí thông các hướng. Nhà cạnh Đại Học Văn Hiến. Tiện ích xung quanh như: Trường các cấp, Chợ, Siêu thị, Bệnh viện,.. Khu ở an ninh, yên tĩnh. Sổ hồng riêng, pháp lý chuẩn. Liên hệ anh Võ: 0909 100 817. Không tiếp trung gian.	False	False	True	False	đường Âu Cơ, Phường 10, Quận Tân Bình	Âu Cơ, P.10, Tân Bình	đường Âu Cơ, Phường 10, Quận Tân Bình
Căn hộ nghĩ dưỡng View biển nằm ngay trung tâm thành phố Vũng Tàu	5.7		1.0	1.0		"Vũng Tàu Central Point là một dự án căn hộ cao cấp nằm tại trung tâm thành phố Vũng Tàu, mang đến cho cư dân một không gian sống hiện đại và tiện nghi. Với vị trí trung tâm và các tiện ích hàng đầu, dự án tạo điều kiện thuận lợi cho cuộc sống đẳng cấp và thuận tiện.

Tiện ích và tiện nghi:
Căn hộ sang trọng: Vũng Tàu Central Point cung cấp các căn hộ đa dạng từ 1-3 phòng ngủ với không gian rộng rãi và nội thất cao cấp. Thiết kế thông minh và tận dụng tối đa không gian, tạo cảm giác thoải mái và sang trọng cho cư dân.
Khu thể dục và giải trí: Dự án có trang bị phòng tập gym hiện đại và khu vui chơi giải trí, giúp cư dân duy trì sức khỏe và thư giãn sau những ngày làm việc căng thẳng.
Hồ bơi và khu BBQ: Với hồ bơi ngoài trời và khu vực nướng BBQ, cư dân có thể tận hưởng không gian xanh mát và tổ chức các buổi gặp gỡ bạn bè và gia đình.
An ninh 24/7: Vũng Tàu Central Point được trang bị hệ thống an ninh cao cấp, bao gồm camera giám sát và bảo vệ 24/7, tạo môi trường sống an toàn và yên tâm cho cư dân.
Tiện ích xung quanh: Với vị trí trung tâm, Vũng Tàu Central Point nằm gần các trung tâm mua sắm, nhà hàng, quán cà phê, trường học và bệnh viện. Cư dân dễ dàng tiếp cận các dịch vụ và tiện ích xã hội trong vòng bán kính ngắn. Ngoài ra, dự án cũng nằm gần bãi biển, cho phép cư dân tận hưởng không khí biển trong lành và tham gia các hoạt động ngoài trời.
Vũng Tàu Central Point mang đến không gian sống đẳng cấp và tiện nghi, đáp ứng đầy đủ nhu cầu của cư dân và mang đến trải nghiệm sống .

Anh chị có nhu cầu tư vấn liên hệ Quang 0908774501"	False	False	True	False	Trung tâm thành phố Vũng Tàu	Trung tâm thành phố Vũng Tàu	Trung tâm thành phố Vũng Tàu
NHÀ MTKD NGAY LUỸ BÁN BÍCH, TÂN PHÚ - 60M 5 TẦNG THANG MÁY - CHỈ NHỈNH 10 TỶ TL	2.2	60.0	5.0	4.0	Trình Đình Trọng	"Mô tả:
???? Mặt tiền trung tâm tân phú kinh doanh đỉnh, giáp quận 11.
???? Nhà 5 tầng BTCT thang máy mới toanh, đang kinh doanh mini shop.
???? Giao thông đông đúc tiện Kinh Doanh, tiện ích bùa vây: Bách Hoá Xanh, UBND phường, trường học cấp cao...
???? Sổ hồng riêng nở hậu đẹp, hoàn công đủ, không lộ giới, không qui hoạch, công chứng ngay.
???? Chủ xây tâm huyết để kinh doanh, nay kẹt nên bán gấp chỉ 10.3 tỷ ( Thương lượng mạnh ).
=================================
???? Xem nhà gọi: 0354299320 Tú Nhà Phố Rẻ Sài Gòn ( Zalo - Trần Anh Tú )"	False	False	True	False	Lý Bán Bích, Quận Tân Phú	Trình Đình Trọng	Lý Bán Bích, Quận Tân Phú
Bán nhà HXH gần Phan Văn Trị, Gò Vấp, 6m x 12,5 6 tỷ 8 có TL	10.3	70.0			Gò Vấp, Thành phố Hồ Chí Minh	"Bán nhà HXH gần Phan Văn Trị, Gò Vấp, 6m x 12,5 6 tỷ 8 có TL
+ vị trí đẹp, dân trí cao, xe hơi đỗ tận cửa
+ Sổ đẹp , nở hậu , sạch, công chứng ngay

LH Hương xem nhà."	False	False	True	False	đường Phan Văn Trị, Phường Gò Vấp	Gò Vấp, Thành phố Hồ Chí Minh	đường Phan Văn Trị, Phường Gò Vấp
TRUNG TÂM CẦU GIẤY, LÔ GÓC 3 THOÁNG, Ô TÔ ĐỖ CỬA, NGÕ THÔNG – LẠC LONG QUÂN, CẦU GIẤY	6.8	44.0	5.0	4.0		"TRUNG TÂM CẦU GIẤY, LÔ GÓC 3 THOÁNG, Ô TÔ ĐỖ CỬA, NGÕ THÔNG – LẠC LONG QUÂN, CẦU GIẤY

DT 44m2 x 5 tầng, mặt ngõ thông, kinh doanh, lô góc 3 mặt thoáng, ô tô đỗ cửa thoải mái.

Thiết kế nhà đẹp, đầy đủ công năng, phòng khác, bếp, 4 PN, WC,…

Vị trí trung tâm tiện ích khu vực nhiều, trường học, bệnh viện, gần chợ Bưởi,… Chưa đến 5’ ra Hồ Tây, phù hợp với sinh hoạt gia đình.

Sổ đỏ đẹp, chính chủ, vuông vắn - Giá 7.15 Tỷ (Có thương lượng).

Liên hệ: 0825420555."	False	False	True	False	Lớp Long Quán, Cầu Giấy	Lớp Long Quán, Cầu Giấy	Lớp Long Quán, Cầu Giấy
Bán nhà liền kề dự án BGI Topazdowntown xinh đẹp khu A đô thị mới An Vân Dương sau lưng trường Cao Đẳng Công Nghiệp Huế.	13.5	154.0	4.0	4.0		"Bán nhà liền kề dự án BGI Topazdowntown xinh đẹp khu A đô thị mới An Vân Dương sau lưng trường Cao Đẳng Công Nghiệp Huế.
- Diện tích: 154m2 (ngang 7m)
- Hướng: Tây Nam
- Công năng: phòng ngủ, phòng khách, bếp, sân sau,ban thờ, ban công…
- Nhà mặt tiền đường trước nhà rộng 22m đối diện kênh sông Như Ý, nơi ở yên bình, an ninh.
- Gần trung tâm thành phố, di chuyển thuận tiện đến chợ, trường học, bệnh viện, trong vòng bán kính 1km.
- Giá bán: 6 tỷ ( Có sổ đỏ)
--------------------------
THÔNG TIN LIÊN HỆ:
Công ty CPĐT Bất Động Sản Phúc Đại Việt
""????????????̂́???? ????????̣???? ????????????́ ????????????̣ ????????̛????̛???????? ????????????""
Hotline Thanh Ngân 0868472415"	False	False	True	False	đường A đô thị mới An Vân Dương, sau lưng trường Cao Đẳng Công Nghiệp Huế	đường A đô thị mới An Vân Dương, sau lưng trường Cao Đẳng Công Nghiệp Huế	đường A đô thị mới An Vân Dương, sau lưng trường Cao Đẳng Công Nghiệp Huế
Gò Vấp, HXH, sổ A4, Phan Huy Ích Phường 12, 45m2, 5 tầng chỉ 6.2 tỷ	3.6	45.0	4.0		Phan Huy Ích	"MS 15223
* Vị trí: đường Phan Huy Ích Phường 12 Gò Vấp.
* Diện tích 45m2, ngang 4m dài 11m, 5 tầng BTCT với 4 phòng ngủ.
* Nhà mới, đẹp, khách mua chỉ việc xách vali vào ở.
* Hẻm xe hơi, thông.
* Hình sổ vuông A4, hoàn công đủ."	False	False	True	False	đường Phan Huy Ích, Phường 12, Quận Gò Vấp	Phan Huy Ích	đường Phan Huy Ích, Phường 12, Quận Gò Vấp
Biệt thự mini sân vườn Ngọc Thuỵ-Long Biên, 110m x 5tầng, 2 mặt ôtô	6.2	110.0	6.0	4.0		"Biệt thự mini sân vườn Ngọc Thuỵ-Long Biên, 110m x 5tầng, 2 mặt ôtô, thoáng trước sau
-Vị trí gần Mipec Long Biên, vài bước chân ra cầu Long Biên cầu Chương Dương
-Nhà xây 5 tầng 6 ngủ, sân vườn, 1 mặt ôtô tránh, 1 mặt ôtô qua cửa, thoáng trước sau, giếng trời, ô chờ thang máy
Sổ đỏ, pháp lý đầy đủ
Giá : 14.5 tỷ ( có thương lượng, gặp trực tiếp chủ nhà )
Miễn phí xem nhà và tư vấn : Trần Hải"	False	False	True	False	Ngọc Thụy, Long Biên	Ngọc Thụy, Long Biên	Ngọc Thụy, Long Biên
Biệt thự mini sân vườn Ngọc Thuỵ-Long Biên, 110m x 5tầng, 2 mặt ôtô	14.5	110.0	6.0	4.0		"Biệt thự mini sân vườn Ngọc Thuỵ-Long Biên, 110m x 5tầng, 2 mặt ôtô, thoáng trước sau
-Vị trí gần Mipec Long Biên, vài bước chân ra cầu Long Biên cầu Chương Dương
-Nhà xây 5 tầng 6 ngủ, sân vườn, 1 mặt ôtô tránh, 1 mặt ôtô qua cửa, thoáng trước sau, giếng trời, ô chờ thang máy
Sổ đỏ, pháp lý đầy đủ
Giá : 14.5 tỷ ( có thương lượng, gặp trực tiếp chủ nhà )
Miễn phí xem nhà và tư vấn : Trần Hải"	False	False	True	False	Ngọc Thuỵ, Long Biên	Ngọc Thuỵ, Long Biên	Ngọc Thuỵ, Long Biên
bán đất tặng nhà 2 tầng Cát Linh-Đống Đa 120m, MT 7m, nở hậu, full thổ cư	14.5	120.0	1.0	2.0		"bán đất tặng nhà 2 tầng Cát Linh-Đống Đa 120m, MT 7m, nở hậu, full thổ cư
Mảnh đất đẹp thông số lý tưởng, ngõ ôtô tránh, thông Cát Linh-Hào Nam, vị trí đẹp trung tâm Đống Đa, xây toà nhà văn phòng, đầu tư kinh doanh cho thuê mọi loại hình
Sổ đỏ nở hậu, pháp lý rõ ràng
Giá bán : 25.5 tỷ ( có thương lượng, gặp trực tiếp chủ nhà )
Miễn phí xem nhà và tư vấn: Trần Hải"	False	False	True	False	Cát Linh, Đống Đa	Cát Linh, Đống Đa	Cát Linh, Đống Đa
Bán nhà Dương Quảng Hàm, hẻm xe hơi, 70m2,ngang 8,5m 7,29tỷ còn thương lượng	25.5				Gò Vấp, Thành phố Hồ Chí Minh	"+Bán nhà Dương Quảng Hàm, hẻm xe hơi, 8.5m x 9,5m, 7,29tỷ
+ đầy đủ công năng
+ LH Hương xem nhà ngay."	False	False	False	False	Đường Dương Quảng Hàm	Gò Vấp, Thành phố Hồ Chí Minh	Đường Dương Quảng Hàm
Biệt thự mini Ngọc Thuỵ-Long Biên, 84m x 4tầng, mặt tiền 11m, ôtô tránh, full thổ cư	9.5	84.0	4.0	4.0		"Biệt thự mini Ngọc Thuỵ-Long Biên, 84m x 4tầng, mặt tiền 11m, ôtô tránh, full thổ cư
-Vị trí gần Mipeco Long Biên, vài bước chân ra cầu Long Biên cầu Chương Dương, 3 phút sang phố cổ Hoàn Kiếm
-Nhà xây chắc chắn 4 tầng 4 ngủ, đủ công năng, trước nhà ôtô tránh, ôtô chạy vòng quanh, gần hồ điều hòa
Sổ đỏ, pháp lý đầy đủ
Giá : 10.4 tỷ ( có thương lượng )
Miễn phí xem nhà và tư vấn : Trần Hải"	False	False	True	False	Mipeco Long Biên, phường Ngọc Thuỵ, quận Long Biên	Mipeco Long Biên, phường Ngọc Thuỵ, quận Long Biên	Mipeco Long Biên, phường Ngọc Thuỵ, quận Long Biên
Bán nhà tặng nội thất 35m2 Nguyễn Lương Bằng, Đống Đa mặt tiền 6m giá 3,75 Tỷ	10.4	35.0	2.0		Hà Nội	"+ Nếu bạn đang cho con mình học các trường như THCS Bế Văn Đàn, Tiểu Học Bế Văn Đàn, THPT Kim Liên hay THPT Lê Quý Đôn => Thì đây là căn nhà dành cho bạn bởi chỉ cần đi vài bước chân thì đến trường , giao thông thuận tiện, các bậc phụ huynh không còn đau đầu bởi tắc đường vào mỗi buổi sáng.
+ Nhà nằm ở vị trí đắc địa vài bước chân ra đường Trần Hữu Tước giao với đường Hồ Đắc Di thông ra Nguyễn Lương Bằng và cắt đường Xã Đàn.
+ Nhà gần Hồ Xã Đàn nên không khí cũng trong lành hơn các khu khác , mỗi sáng đi bộ quanh hồ 1 vòng cũng đủ để cho bạn 1 ngày làm việc hiệu quả .
+ Xung quanh bán kính 2km còn có cả tá tiện ích như chợ gần , quán ăn , các shop nail hay quần áo , mỹ phẩm , hay các trung tâm thương mại

+ Nhà được thiết kế 3 tầng với 2 ngủ và 2wc khép kín phù hợp cho các cặp đôi mới cưới hoặc gia đình 2 vợ chồng và 2 con . Mỗi tầng 1 phòng với diện tích 35m2 thì luôn đem lại 1 không gian sống rộng rãi giữa lòng Thủ Đô .
+ Xung quanh còn có nhiều cây xanh và công viên như CV 1/6 , CV Hồ Đắc Di , hay Hồ Xã Đàn mang lại cho nhiều không khí mát và trong lành .

+ Dân sinh vui vẻ hòa đồng , Xung quanh không nuôi chó dữ.
+ Sổ đỏ cất két sẵn sàng giao dịch trong ngày

Liên hệ/zalo : 0373022620 (Văn Anh) để được hỗ trợ sớm nhất 24/7."	False	True	True	False	đường Trần Hữu Tước, quận Đống Đa, thành phố Hà Nội	Hà Nội	đường Trần Hữu Tước, quận Đống Đa, thành phố Hà Nội
Bán gấp nhà 36m2x4T mặt tiền 5m ở Đặng Văn Ngữ, Đống Đa giá hơn 3 Tỷ	3.75	36.0	5.0	5.0	Hà Nội	"+ Nhà nằm ở vị trí đắc địa trên con phố Đặng Văn Ngữ thông ra Phố Nam Đồng giao với Xã Đàn, Nguyễn Lương Bằng, Tôn Đức Thắng,...
+ Với 5p đi xe là đến hồ Xã Đàn : Mỗi sáng ra đây chạy bộ , tập thể dục thì hết ý luôn ,xung quanh còn có nhiều công viên như Sân Con Voi, CV Thống Nhất Sân Tennis , bóng đá,...
+ Bán kính 1km có nhiều trường học các cấp : Tiểu Học Bế Văn Đàn , THCS Bế Văn Đàn hoặc Kim Liên , THPT Lê Quý Đôn…..

+ Nhà thiết kế 4 tầng : Tầng 1 để xe , phòng khách , bếp và wc + Tầng 2,3 mỗi tầng 2 phòng ngủ và wc khép kín + Tầng 4 : 1 phòng ngủ và 1 sân phơi . Tất cả đều full nội thất đầy đủ tiện nghi.
+ Với diện tích gần 40m2 thì không gian căn nhà mang lại luôn rộng rãi kết hợp với gần công viên và hồ thì cảm giác lúc nào cũng trong lành không khí tự nhiên , ít bị khói bụi và tiếng ồn của các phương tiện xe cộ .

+ Hàng xóm thân thiện ,( mình có hỏi đường được 1 bác trong ngõ vui vẻ giúp đỡ)
+ Sổ đỏ chính chủ , đang cất két , sẵn sàng giao dịch trong ngày.
Liên Hệ để được hỗ trợ sớm nhất sdt/zalo: 0373022620 ( Văn Anh ) tư vấn 24/7"	False	True	True	False	Đặng Văn Ngữ, Quận Đống Đa	Hà Nội	Đặng Văn Ngữ, Quận Đống Đa
BÁN GẤP NHÀ HXH LÊ VĂN VIỆT NGANG 5M7 DIỆN TÍCH 92M2 GIÁ CHỈ CÒN 4 T 5	3.95	92.0	3.0	2.0	LÊ VĂN VIỆT, TĂNG NHƠN PHÚ B , QUẬN 9	"- Chủ ngộp bank nên cần ra đi căn nhà tâm huyết nằm ngay vị trí đắc địa 2 mặt hẻm ô tô, 500m ra LÊ VĂN VIỆT đầu tư lời ngay, mua ở thì ko đâu tìm dược giá tốt hơn.
- có chỗ đỗ ô tô trước nhà .
- ngang khủng 5.7 , dài 16.2 vuông vức .
- sổ sẵn để két sắt công chứng sang tên ngay trong ngày .
- Vị trí VIP, ngày Vincom Plaza, Trường học, Chợ, trung tâm Hành Chính chỉ cách một bước chân .
- khách càng thiện chí thương lượng càng đậm sâu.
( Miễn trung gian )"	True	False	True	True	đường Lê Văn Việt	LÊ VĂN VIỆT, TĂNG NHƠN PHÚ B , QUẬN 9	đường Lê Văn Việt
Bán Nhà Tây Hồ, Vài Bước Ra Hồ Tây, Dân Trí Cao, Đường Ô Tô, Trước Nhà Đường Rộng Hơn 4m. 41m2, 9,2 tỷ	4500000000	41.0				"+ Vị trí nhà mặt ngõ thông, ngõ rộng ô tô 7 chỗ vào nhà, cách Hồ Tây đúng 200m.
+ Xung quanh nhiều nhà hàng, khách sạn... Cực gần trường học các cấp tiện cho trẻ đi học.
+ Nhà nhiều phòng ngủ, đủ để 3 thế hệ sống chung hòa thuận.
+ Nhà đẹp chủ mới chỉ việc dọn đồ đến ở luôn, không phải sửa sang gì. Có ô chờ thang máy.

Chủ nhà làm ăn thịnh nay muốn bán đi để mua nhà mới rộng hơn.
Gọi ngay em Sĩ dẫn xem nhà và tư vấn miễn phí 24/7
Zalo/sđt: 0824040512"	True	False	True	False	Tây Hồ	Tây Hồ	Tây Hồ
Bán nhà phố Trương Định, Hai Bà Trưng 38m, 4 tầng. Giá: 3.5 tỷ	9.2	38.0	4.0		Hà Nội	"Bán nhà phố Trương Định, nhà 4 tầng, đầy đủ tiện nghi, phù hợp với mọi hộ gia đình
Đường trước nhà xe ba gác đỗ cửa, cách mặt phố Trương Đinh 30m, đi lại thuận tiện
hiết kế.
+ Tầng 1 : Phòng Khách - Bếp - Sân
+ Tầng 2,3 : 1 Ngủ Rộng - Vs
+ Tầng 4 : Phòng Thờ - Sân Phơi
Tiện ích xung quanh không thiếu thứ gì, gần trường học các cấp, chợ, TTTM...
Sổ đỏ chính chủ, sẵn sàng giao dịch
Giá: 3.5 tỷ, có thương lượng
Liên hệ trực tiếp hoặc zalo: 0937.158.386"	False	False	True	False	Trương Định, Hai Bà Trưng	Hà Nội	Trương Định, Hai Bà Trưng
Bán nhà HXH Lê Hồng Phong Quận 10 35m2 chỉ 4 tỷ 600 triệu.	3.5	35.0				"+ Toạ lạc ngay Trung tâm Quận 10.
+ Khu vực tiện nghi, nhiều tiện ích như: Trường Sương Nguyệt Anh, Cao đẳng Sư phạm Trung ương, Chợ Hồ Thị Kỷ, Trung tâm Ngoại ngữ Phương Nam, Nhà xe Thành Bưởi,…
+ Giao thông thuận tiện, trong 10 phút đến các Quận: Quận 3, Quận 5, Quận 11, Quận 3, Tân Bình.
+ Hỗ trợ vay Ngân hàng.
+ Sổ Hồng đẹp pháp lý chuẩn công chứng ngay.
Liên hệ: 0386018524, Dũng Nhà Phố Trung Tâm, xem nhà MIỄN PHÍ."	False	True	True	False	đường Lê Hồng Phong, Quận 10	đường Lê Hồng Phong, Quận 10	đường Lê Hồng Phong, Quận 10
Bán nhà HXH Lê Hồng Phong Quận 10 35m2 chỉ 4 tỷ 600 triệu.	4.6	35.0				"+ Toạ lạc ngay Trung tâm Quận 10.
+ Khu vực tiện nghi, nhiều tiện ích như: Trường Sương Nguyệt Anh, Cao đẳng Sư phạm Trung ương, Chợ Hồ Thị Kỷ, Trung tâm Ngoại ngữ Phương Nam, Nhà xe Thành Bưởi,…
+ Giao thông thuận tiện, trong 10 phút đến các Quận: Quận 3, Quận 5, Quận 11, Quận 3, Tân Bình.
+ Hỗ trợ vay Ngân hàng.
+ Sổ Hồng đẹp pháp lý chuẩn công chứng ngay.
Liên hệ: 0386018524, Dũng Nhà Phố Trung Tâm, xem nhà MIỄN PHÍ."	False	True	True	False	đường Lê Hồng Phong, Quận 10	đường Lê Hồng Phong, Quận 10	đường Lê Hồng Phong, Quận 10
Bán nhà phố Minh Khai, Hai Bà Trưng 40m, 4 tầng. Giá: 3.8 tỷ	4.6	40.0	4.0		Hà Nội	"""Bán nhà phố Minh Khai, Hai Bà Trưng 40m, 4 tầng. Giá: 3.8 tỷ
Bán nhà phố Minh Khai, nhà vị trí đẹp lô góc 2 mặt thoáng.
Diện tích 40m, nhà 4 tầng đầy đủ tiện nghi, thiết kế hợp lý, phù hợp với mọi hộ gia đình
Thiết kế:
Tầng 1: PK, bếp, wc.
Tầng 2,3: Mỗi tầng 2PN, wc.
Tầng 4: Phòng thờ sân phơi.
Tiện ích xung quanh không thiếu thứ gì, gần trường học các cấp, chợ, TTTM...
Sổ đỏ chính chủ, sẵn sàng giao dịch
Giá: 3.8 tỷ, có thương lượng
Liên hệ trực tiếp hoặc zalo: 0937.158.386"	False	False	True	False	đường Minh Khai, Hai Bà Trưng	Hà Nội	đường Minh Khai, Hai Bà Trưng
Bán nhà phố Lê Thanh nghị, Hai Bà Trưng 52m, 4 tầng. Giá: 4.95 tỷ	3.8	52.0	4.0		Hà Nội	"""Bán nhà phố Lê Thanh nghị, Hai Bà Trưng 52m, 4 tầng. Giá: 4.95 tỷ
Bán nhà phố Lê Thanh Nghị, diện tích 52m, nhà 4 tầng đầy đủ tiện nghị, về ở ngay
Nhà lô góc thoáng sáng tự nhiên, ngõ Ba gác, gần phố.
Thiết kế:
- Tầng 1: Phòng Khách + Bếp + WC.
- Tầng 2, 3: Mỗi tầng 1 ngủ khép kín, ban công siêu rộng.
- Tầng 4: Tum phơi đồ lợp tôn chống nóng.
Nhà gần các trường đại học: Kinh Tế, Bách Khoa, Xây Dựng, Mở... thuận tiện cho con em đi học
Sổ đỏ chính chủ, sẵn sàng giao dịch
Giá: 4.95 tỷ, có thương lượng
Liên hệ trực tiếp hoặc zalo: 0937.158.386"	False	True	True	False	Lê Thanh Nghị, Hai Bà Trưng	Hà Nội	Lê Thanh Nghị, Hai Bà Trưng
⏩ TÂN BÌNH - NỘI BỘ CỰC ĐẸP - KHU CAO TẦNG - CN 100M2 ( 17,6 TỶ )	4.95	100.0	4.0			"⏩ TÂN BÌNH - NỘI BỘ CỰC ĐẸP - KHU CAO TẦNG - CN 100M2 ( 17,6 TỶ )

✅ Vị trí: Ni Sư Huỳnh Liên P10, TB.
✅ Diện tích: Cn 100m2 , 5m x 20m ( DTSD: 250m2 )
✅ Nhà 1 trệt 2 lầu sân thượng, 4PN lớn, Pk, Bếp rộng, nhà để xe hơi thoải mái. Nội thất sang trọng.
✅ Đường 12m có lề rộng, kinh doanh cực sung.
✅ Sổ Vuông A4 cực đẹp, đã hoàn công

☎️ Gọi ngay đi xem Nhà Đẹp này 093 888 6128 Thúy Dinh ( 翠莹 ).
⏩ Kết bạn Zalo để xem kho hàng và luôn cập nhật hàng mới nhất
---------------------
KHÔNG TIN ẢO - NHÀ THẬT HÌNH THẬT
Ms436"	False	False	True	False	Ni Sư Huỳnh Liên, Phường 10, Quận Tân Bình	Ni Sư Huỳnh Liên, Phường 10, Quận Tân Bình	Ni Sư Huỳnh Liên, Phường 10, Quận Tân Bình
Bán nhà HXH Phú Thọ Hoà Tân Phú 42m2 3 tầng chỉ 3 tỷ 700 triệu.	6.5	42.0				"+ Hẻm ô tô sạch sẽ thông thoáng.
+ Hàng xóm thân thiện, dân trí cao.
+ Tiện ích xung quanh đầy đủ như: Trường tiểu học, Phổ Thông, Trung Cấp, Công an Phường, Siêu thị, Chợ...V.V.
+ Hỗ trợ vay Ngân hàng.
+ Sổ Hồng đẹp pháp lý chuẩn công chứng ngay.
Liên hệ: 0386018524, Dũng Nhà Phố Trung Tâm, xem nhà MIỄN PHÍ."	False	False	True	False	Phú Thọ Hoà, Quận Tân Phú	Phú Thọ Hoà, Quận Tân Phú	Phú Thọ Hoà, Quận Tân Phú
Nhà dưới 4 tỷ Lê Văn Thọ Phường 16 Gò Vấp, 32m2 2 tầng chỉ 3.4 tỷ	3.7	32.0	2.0	2.0	Lê Văn Thọ	"MS 15023
* Vị trí: nhà hẻm đường Lê Văn Thọ Phường 16 Gò Vấp.
* Diện tích 32 m2 công nhận đủ, 2 tầng với 2 phòng ngủ, 2 WC.
* Hẻm thông, sạch sẽ, an ninh, yên tĩnh. Rất phù hợp với gia đình có người lớn tuổi, trẻ em. Hàng xóm thân thiện.
* Sổ hồng hoàn công đủ, công chứng ngay.
* Giá chỉ 3 tỷ 400 triệu, thương lượng."	False	False	True	False	đường Lê Văn Thọ, Phường 16, Quận Gò Vấp	Lê Văn Thọ	đường Lê Văn Thọ, Phường 16, Quận Gò Vấp
NHÀ ĐẸP 2 TẦNG - HXH CÁCH 20M KHU VIP P16 GÒ VẤP CHỈ 3.6 TỶ	3.4	32.0	2.0			"- Diện tích: 4mx8m
- Kết cấu: 1 trệt 1 lầu thoáng mát với 2pn, pk, bếp...
- Vị trí: HXH thông ra đường số 1 - Thống Nhất - Đường Phạm Văn Chiêu, cách sân bay chỉ 20 phút, tiện ích xung quanh ngập tràn.
- Sổ hồng chính chủ hoàn công đủ
LIÊN HỆ: 0988.499.598 (Tâm) để xem nhà ạ."	False	False	True	False	Đường số 1 - Thống Nhất - Đường Phạm Văn Chiêu, Phường P16, Quận Gò Vấp	Đường số 1 - Thống Nhất - Đường Phạm Văn Chiêu, Phường P16, Quận Gò Vấp	Đường số 1 - Thống Nhất - Đường Phạm Văn Chiêu, Phường P16, Quận Gò Vấp
Bán nhà Dương Quảng Hàm, hẻm xe hơi, 5,6m x 13m, 6.8tỷ còn thương lượng	3.6	70.0			Gò Vấp, Thành phố Hồ Chí Minh	"+Bán nhà Dương Quảng Hàm, hẻm xe hơi, 5,6m x 13m, 6.8tỷ còn thương lượng
+ Nhà vuông vức, thoáng mát, hẻm rộng thông tứ tung
+ LH Hương xem nhà ngay."	False	False	True	False	Dương Quảng Hàm, hẻm xe hơi	Gò Vấp, Thành phố Hồ Chí Minh	Dương Quảng Hàm, hẻm xe hơi
Nhà phố thương mại kinh doanh sầm uất tại KĐT Centa Vsip	3.7	90.0			KĐT centa Vsip, Phù Chẩn, tp Từ Sơn, Bắc Ninh, -Dự án-	"????Căn shophose được xây dựng 3 tầng, đã hoàn thiện bên ngoài rất thuận tiện phù hợp để kinh doanh, cho thuê hoặc ở. Thu hút giới nhà đầu tư, đáp ứng nhu cầu giãn dân của khu vực và dân từ các tỉnh thành lân cận, nay dự án đã lấp đầy đến 70%
????Vị trí: tiếp giáp với 3 khu công nghiệp liên hoàn, nơi tập trung hơn 150 nghìn chuyên gia kỹ sư, công nhân lao động. Tiếp giáp với đường tỉnh lộ DT179 ,3 đường cao tốc lớn dễ dàng thuận tiện di chuyển, kết nối giao thương
♻️Diện tích 90 m2, xây dựng 64m2, tổng 3 sản 225 m2
????Môi trường sống xanh, thoáng mát, dân cư thân thiện, văn minh tận hưởng cuộc sống chất lượng
✅Hệ thống an ninh tốt
✅Pháp lý chuẩn, sổ hồng lâu dài
✅Ngân hàng hỗ trợ cho vay đến 70%
✅Gần trung tâm thể thao, công viên nội khu rộng, thuận tiện vui chơi, giải trí
☎️ Liên hệ tư vấn, xem nhà: 0942 505 155"	False	False	True	False	KĐT Centa Vsip	KĐT centa Vsip, Phù Chẩn, tp Từ Sơn, Bắc Ninh, -Dự án-	KĐT Centa Vsip
BÁN NHÀ HXH 8M LÊ VĂN QUỚI, BÌNH TÂN - 70M NỞ HẬU - 3 TẦNG Ở NGAY - CHỈ 4.2 TỶ	9.5	70.0		2.0	Lê văn quới	"Mô tả:
- Hẻm trước nhà 8m, xe hơi chạy vòng quanh.
- Kết cấu: 1 trệt 2 lầu đúc, nhà mới ở ngay.
- Diện tích: 70m2 ( 4x17.5 ) hoàn công đầy đủ.
- Khu dân trí cao, toàn nhà cao tầng.
- Vị trí ngay Ngã 4 Xã Bình Long, giáp Tân Phú, tiện ích bùa quây xung quanh.
- Sổ hồng vuông vắn, pháp lý chuẩn, công chứng ngay.
=================================
???? Xem nhà gọi: 0354299320 Tú Nhà Rẻ Sài Gòn ( Zalo: Trần Anh Tú )"	False	False	True	False	Ngã 4 Xã Bình Long, giáp Tân Phú	Lê văn quới	Ngã 4 Xã Bình Long, giáp Tân Phú
200m2 Nhà 2 Tầng Mặt Tiền Đường Phạm Như Hiền Ngũ Hành Sơn Giá Chỉ 6.5 Tỷ.	4.2	200.0			Thành phố Đà Nẵng	"200m2 Nhà 2 Tầng Mặt Tiền Đường Phạm Như Hiền Ngũ Hành Sơn Giá Chỉ 6.5 Tỷ.
Nhà mặt tiền Đường Phạm Như Hiền đấu lưng Đường Mai Đăng Chơn.
Gần dự án Nam Hòa Xuân, khu giải trí quốc tế Crown, bãi tăm Non Nước. Trường Quốc tế Singapo.
Nhà thiét kế 1 tấm mái lợp ngói hiện đại các phòng ngủ đều lấy ánh sáng tự nhiên.
+ Diện tích 200m2 ( 10m x 20m )
+ Nhà 3 phòng ngủ, 4 wc, phòng khách, giếng trời công năng đủ. Sàn lát gôc tự nhiên.
+ Pháp lý chuẩn sang tên nhanh gọn.
+ Chủ cần bán gấp để về Hà Nội sinh sống giá bán 6.5 tỷ có thương lượng.
+ Khách quan tâm gọi ngay Minh Nhà Phố xem nhà gặp chủ LVCC.
+ Cảm ơn anh, chị, em đã xem tin."	False	False	True	False	đường Phạm Như Hiền, Ngũ Hành Sơn	Thành phố Đà Nẵng	đường Phạm Như Hiền, Ngũ Hành Sơn
Chính Chủ Bán Nhà Đẹp Mặt Phố Cát Linh Đống Đa Hà Nội 125m2 5t mt 4.6m 54tỷ Nở Hậu	6.5	125.0			Cát Linh, Đống Đa, Hà Nội	"Chính Chủ Bán Nhà Đẹp Mặt Phố Cát Linh Đống Đa Hà Nội 125m2 5t mt 4.6m 54tỷ Nở Hậu
Vị Trí:
Nhà bán tại mặt phố Cát Linh, Phường Cát Linh, Quận Đống Đa, Hà Nội
- Diện tích sổ đỏ: 125m2 xây 5tầng
- Mặt tiền: 4,6m
- Giá bán: 55tỷ ( giảm còn 54tỷ)

Mô tả:
- Tầng 1 thông sàn kinh doanh, nhà 6PN, BTCT chắc chắn, có ô chờ thang máy, sân thượng phơi đồ và trồng nhiều cây xanh lọc không khí.
- Nhà nằm vị trí trung tâm đi lại thuận tiện,kinh doanh mặt hàng gì cũng đắt khách,rất có lộc.
- Nay chủ nhà thiện chí muốn bán chia bớt tài sản cho các con.
- Sổ đỏ chính chủ, nở hậu, công chứng trong ngày luôn.
LIÊN HỆ 0399 32 8880 (MIỄN QC & MG)"	False	False	True	True	mặt phố Cát Linh, Phường Cát Linh, Quận Đống Đa, Hà Nội	Cát Linh, Đống Đa, Hà Nội	mặt phố Cát Linh, Phường Cát Linh, Quận Đống Đa, Hà Nội
3,85 Tỷ có ngay căn nhà 33m2 ngay giữa trung tâm Đống Đa, Hà Nội	54	33.0	4.0	3.0	Hà Nội	"(Mua nhà tặng full option nội thất)<=
+ Một trong những ngôi nhà đẹp nhất nhì quận vừa mới được xây song mới kính kong, nhà nằm trên con ngõ Thịnh Hào thông ra phố Tôn Đức Thắng giao với đường Nguyễn Lương Bằng, Xã Đàn, Khâm Thiên
+ Xung Quanh bán kính 2km có vô số Trung Tâm Thương Mại , quán ăn , shop quần áo , làm nail…bên cạnh đó còn có nhiều trường học nổi tiếng đủ các cấp từ mầm non đến đại học.

+ Nhà thiết kế 4 tầng với 1 phòng master siêu rộng kèm wc khép kín và 2 phòng ngủ nhỏ hơn, nhà mới tinh chưa bóc siu đầy đủ tiện ích .
+ Vì có giếng trời lên không khí trong nhà lúc nào cũng được làm tươi , giúp mang lại một cuộc sống lúc nào cũng mát mẻ tươi mới trong lành.

+ Sổ đỏ cất két , sẵn sàng giao dịch , giá thơm múc ngay mất rồi tiếc lắm.
Liên Hệ em ngay sdt/zalo 0373022620 ( Văn Anh) hỗ trợ mọi lúc mọi nơi 24/7"	False	True	True	False	phố Tôn Đức Thắng, con ngõ Thịnh Hào, Xã Đàn, Khâm Thiên, Quận Đống Đa, Hà Nội	Hà Nội	phố Tôn Đức Thắng, con ngõ Thịnh Hào, Xã Đàn, Khâm Thiên, Quận Đống Đa, Hà Nội
Bán gấp nhà đẹp Láng Hạ, ngõ thông, 42m2, 5 tầng, chỉ 6.3 tỷ, LH 0971578077.	3	42.0	4.0		Láng Hạ	"- Vị trí ở Láng Hạ- Đống Đa- Hà Nội, nhà 2 mặt ngõ, ngõ thông, di chuyện thuận tiện, an ninh tốt, dân trí cao, tiện ích xung quanh bạt ngàn.
- Nhà đẹp, chắc chắn, thiết kế hiện đại, diện tích 42m2, 5 tầng, 4 phòng ngủ rộng các phòng đều có ánh sáng tư nhiên, công năng đầy đủ chỉ việc đến ở.
+ Sổ đỏ sẵn sàng giao dịch.
+ Giá chào chỉ 6.3 tỷ ( có thương lượng )
- Liên hệ để xem nhà trực tiếp : Mr. Thắng
Hotline 24/7: 0971578077 (Tư vấn 100% miễn phí, nhiệt tình, uy tín)"	True	False	True	True	Láng Hạ, Đống Đa, Hà Nội	Láng Hạ	Láng Hạ, Đống Đa, Hà Nội
CỰC HIẾM! Bán nhà Đặng Văn Ngữ, ôtô đỗ cổng, 41m2, 4 tầng, chỉ 4.1 tỷ, LH 0971578077.	6300000000	41.0	4.0		Đặng Văn Ngữ	"- Vị trí hiếm nhà bán, ngõ trước nhà rất rộng. Ôtô đỗ cửa, cách phố chỉ 20m, Hồ Đắc Di cách 80m, ngõ thông khắp ngả, gần nhiều trường học các cấp, hàng xóm thân thiện, dân trí cao, tiện ích xung quanh bạt ngàn.
- Diện tích 41m2, xây 4 tầng kiên cố chắc chắn, 4 phòng ngủ, công năng đầy đủ, khách chỉ cần sơn sửa nhẹ là đẹp lung linh.
+ Sổ đỏ chính chủ, sẵn sàng giao dịch.
+ Giá cực tốt chỉ 4.1 tỷ (có gia lộc cho khách)
- Liên hệ Mr Thắng - Chuyên thổ cư Hà Nội.
Hotline 24/7: 0971578077 (Tư vấn 100% miễn phí, nhiệt tình, uy tín)"	False	False	True	False	Đặng Văn Ngữ	Đặng Văn Ngữ	Đặng Văn Ngữ
Nhà mặt tiền kinh doanh đường 8m, cạnh Phố Nướng Tân Sơn Nhì, 3.6 tỷ	4.1	30.0	3.0	3.0	Tân Sơn Nhì, P. Tân Sơn Nhì, Tân Phú	"Nhà xây 2 tầng có 3 phòng ngủ, 3WC, gia đình ở và kinh doanh bên dưới, phía trên có 2 phòng cho thuê thu nhập thêm 3tr/tháng. Hẻm nhựa rộng 8m như mặt tiền đường thông các hướng, vỉa hè rộng rãi.

Nhà cạnh Khu Phố Nướng, gần NH Agribank. Tiện ích xung quanh đầy đủ như Chợ, Trường học các cấp, Bệnh viện Mỹ Đức,.. Nhà sổ hồng vuông vức, công chứng trong ngày. Liên hệ anh Võ: 0909 100 817. Không tiếp trung gian."	False	True	True	False	đường Phố Nướng, Quận Tân Sơn Nhì	Tân Sơn Nhì, P. Tân Sơn Nhì, Tân Phú	đường Phố Nướng, Quận Tân Sơn Nhì
NHÀ MỚI XÂY NỘI THẤT CƠ BẢN GIÁ CỰC KỲ TỐT CHỈ 1 KHÔNG 2 TẠI PHÚ NHUẬN	3.6	30.0	3.0	4.0		"✅ Vị trí: HXH Thích Quảng Đức P5 quận Phú Nhuận
✅ DT thực tế 30m2
✅ Đường trước nhà 5m
✅ 2 mặt HXH thông, đã trổ 2 bên cửa, rất thuận tiện kinh doanh đa ngành nghề, gần chợ, khu cao tầng

Kết cấu:
♻️ 1 Trệt + 3 Lầu + Sân Thượng. Gồm 3PN Master 4VS + Sân Thượng rộng rãi thích hợp cho gia đình đông người hoặc kinh doanh cho thuê
♻️ Phòng khách 2 mặt cửa, cửa sổ thông thoáng tiện kinh doanh đa ngành nghề hoặc cho thuê mặt bằng kinh doanh.

Giá: 5ty150"	False	False	True	False	HXH Thích Quảng Đức, Phường 5, Quận Phú Nhuận	HXH Thích Quảng Đức, Phường 5, Quận Phú Nhuận	HXH Thích Quảng Đức, Phường 5, Quận Phú Nhuận
RẺ QUÁ RỒI, NHÀ MT KINH DOANH NGANG 6.7M, NGAY ĐỖ XUÂN HỢP, CHÍ CÒN 2T5	5150000000000	50.0			Đường Đỗ Xuân Hợp, Phường Phước Long A, TP. Thủ Đức - Quận 9, TP.HCM, - Dự án -	"- Chủ ngộp ngân hàng ko thể đợi thêm .
- Giá rẻ nhất khu vực 2,5 tỷ để mua căn nhà tại trung tâm quận 9.
- đường xe oto tránh nhau , nằm trong khu dân trí cao mua bán tấp nập .
- ngang khủng 6,7m DT 50m2 quá là rẻ. Mặt tiền KD cực hiếm, thích hợp cho khách dòng tiền nhỏ muốn vừa ở vừa KD, mở spa, nail, bán đồ ăn, tạp hóa...
- MT đường thông ra các Đường nhánh, giao thông thuận lợi tạo dòng tiền.
- liên hệ xem nhà ngay với Quyền chuyên gia săn nhà giá rẻ- miễn trung gian"	False	True	True	True	Ð自動 Xuân Hợp, Quận 9	Đường Đỗ Xuân Hợp, Phường Phước Long A, TP. Thủ Đức - Quận 9, TP.HCM, - Dự án -	Ð自動 Xuân Hợp, Quận 9
Bán nhà Trương Phước Phan Bình Tân 2 tầng BTCT, 2 PN mới đẹp lung linh, chỉ 2,78 tỷ TL	2.5	29.0	2.0	2.0	đường trương phước phan, bình trị đông, bình tân	"BÌNH TÂN GIÁP QUẬN 6, NHÀ MỚI 2 TẦNG, ĐẸP Ở LIỀN.

+ Diện tích 28.5m2 ( 4 x 7,5m)

+ Nhà 1 trệt 1 lầu, 2 Phòng ngủ rộng, 2 WC.

+ Pháp lý sạch, sổ vuông vức, công chứng ngay.

+ Đường Trương Phước Phan là cầu nối giữa đường Hương Lộ 2 và Lê Văn Quới, vị trí nhà cách 100m ra mặt tiền, khu vực dân cư đông đúc. Gần trường THCS Lý Thường Kiệt, phía sau chung cư Hoàng Kim Thế Gia.

+ Hẻm thông thoáng, dễ lưu thông. Khu vực an ninh dân trí.
============================================================================
== LH 0978508087 Nguyễn Tiền xem nhà, thương lượng giá cả làm việc chính chủ."	True	False	True	False	đường Trương Phước Phan, Phường Bình Tân, Quận 6	đường trương phước phan, bình trị đông, bình tân	đường Trương Phước Phan, Phường Bình Tân, Quận 6
GẦN BV QUẬN TÂN PHÚ– ÂU CƠ- HẺM Ô TÔ- 56M2- NGANG 4M- CHỈ 5.x TỶ.	2780000	56.0				"+ Nhà 1 trệt 1 lầu, 2 phòng ngủ.
+ Nhà đang cho thuê 10tr/ tháng.
+ Sổ vuông đẹp. Khách trả trúng công chứng ngay.
+ 1 phút tới BV Quận Tân Phú, 5 phút tới Trường ĐH Văn Hiến, 5 phút tới Làng Nướng Nam Bộ.
Anh chị mua ở/ kinh doanh online/ cho thuê alo em Oanh mua gấp nhé. Hàng hiếm dễ hết ạ!"	False	True	True	False	đường Âu Cơ, Phường 14, Quận Tân Phú	đường Âu Cơ, Phường 14, Quận Tân Phú	đường Âu Cơ, Phường 14, Quận Tân Phú
Chủ ĐUỐI, Cần Bán gấp toà nhà Căn hộ Mỹ Đình , dòng tiền khủng 1.5tỷ/năm, 26 phòng full đồ.	5.7	115.0	26.0	26.0	Phố Thiên Hiền, Mỹ Đình	"Bán gấp toà nhà căn hộ Mỹ Đình, Nam Từ Liêm. TOÀ NHÀ CĂN HỘ DÒNG TIỀN KHỦNG ????????
- Doanh thu ~ 1.5 tỷ/năm, với 26 căn hộ khép kín full đồ; khách thuê sếp kín slot quanh năm.
???? Nhà nằm tại phố Thiên Hiền, Mỹ Đình, ô tô tránh. Nơi tập trung nhiều sinh viên, tòa nhà văn phòng, trụ sở các tập đoàn công ty lớn.
- Diện tích 115m2 * 8 tầng tháng máy * 4.8m mặt tiền * Sổ đẹp nhà phân lô
- Giá nhỉnh 25.9 tỷ
???? Thiết kế:
+ Tầng 1: Để xe và 2 phòng.
+ Tầng 2 đến 7: Mỗi tầng 4 phòng cho thuê full khép kín.
+ Tầng 8: Sân thượng.
???? Sổ đỏ chính chủ sẵn sàng giao dịch
- - - - - - - -
☎️ Liên hệ Mr Long 0943.808.350
#banccmnmydinh #bantoanhacanhomydinh #bantoacanhotuliem #bantoacanhomydinh"	True	True	True	False	phố Thiên Hiền, Mỹ Đình, Nam Từ Liêm	Phố Thiên Hiền, Mỹ Đình	phố Thiên Hiền, Mỹ Đình, Nam Từ Liêm
Ô TÔ ĐỖ CỬA, NGÕ THÔNG, 45M2, VỊ TRÍ SIÊU ĐẸP – VÕ CHÍ CÔNG, CẦU GIẤY	25.9	45.0	5.0	4.0		"Ô TÔ ĐỖ CỬA, NGÕ THÔNG, 45M2, VỊ TRÍ SIÊU ĐẸP – VÕ CHÍ CÔNG, CẦU GIẤY
Nhà lô góc 3 thoáng vĩnh viễn, ô tô đỗ cửa, mặt tiền khủng 5m.
Diện tích 45m2 x 5 tầng, thiết kế công năng đầy đủ 5 phòng ngủ, nhà đẹp, nội thất cao cấp.
Vị trí đẹp, ra Hồ Tây chưa đến 5’, xung quanh là các tuyến đường lớn tiện cho việc đi lại.
Khu vực dân trí cao, đầy đủ tiện ích, trường học, bệnh viện,…
Sổ đỏ chính chủ, vuông vắn – 7.2 Tỷ (Có thương lượng)
Chi tiết liên hệ: 0825420555"	False	True	True	False	Võ Chí Công	Võ Chí Công	Võ Chí Công
Nhà 3 tầng 44m2 mt4.5m ngay hồ điều hòa Vĩnh Ninh ngõ thông 2.85 tỷ.	6.85	44.0	3.0	3.0	Vĩnh Ninh, Vĩnh Quỳnh, Thanh Trì, Hà Nội	"►Cần bán gấp nhà 3 tầng ở gần hồ điều hòa Vĩnh Ninh, Vĩnh Quỳnh. Nhà thiết kế hiện đại, cầu thang giữa, 44m2 với mặt tiền 4.5m vô cùng rộng rãi, phòng khách và để xe riêng biệt, phòng bếp hiện đại, 3pn cho cả gia đình lớn ở. Ngõ cực nông, ra ô tô 20m đường thông ô tô chạy vòng quanh.
►Ngay gần hồ điều hòa Vĩnh Ninh, mát mẻ, thoáng. Gần chợ dân sinh, mua bán tấp nập sáng cũng như chiều. Bán kính 2km tiện ích nội khu đầy đủ.
►Giao thông thuận tiện đi đâu cũng nhanh chóng.
►Sổ đỏ chính chủ, sang tên nhanh.
► Alo Mr Bình: 0382.382.507 tư vấn miễn phí 247 “Quick and Standard!”"	False	False	True	False	Hồ điều hòa Vĩnh Ninh, Vĩnh Quỳnh	Vĩnh Ninh, Vĩnh Quỳnh, Thanh Trì, Hà Nội	Hồ điều hòa Vĩnh Ninh, Vĩnh Quỳnh
2 tỷ mua nhà đường Láng, Đống Đa 20m2 mặt tiền 4m cho H/s s/v nhập học HN	2.85	20.0	3.0	3.0	Hà Nội	"+ Chỉ với hơn 2 tỷ bạn đã sở hữu 1 căn nhà giữa trung tâm quận Đống Đa thông ra tất cả các đường như đường Tây Sơn, Nguyễn Trãi, Xã Đàn,..Cùng những trường đại học lớn như ĐH Thủy Lợi, ĐH Công Đoàn, ĐH Đông Đô,...
+ Bên cạnh còn có nhiều Trung Tâm Thương Mại, Nhà trẻ, Quán ăn, Rạp chiếu phim Quốc Gia,cùng nhiều tiện ích đa dạng,....

+ Công năng ngôi nhà : Đây là một ngôi nhà đẹp xinh xắn 20m2 , với 2 phòng ngủ 1 phòng khách và bếp . Vệ sinh khép kín đầy đủ tiện ích,
+ Ngôi nhà có không gian yên tĩnh, ít xe cộ phù hợp với nhà có người lớn tuổi, hoặc bạn nào có chứng khó ngủ hoặc mất ngủ ,

+ Sổ đỏ chính chủ , giao dịch trong ngày , hàng xóm thân thiện, đường trước nhà sạch sẽ bằng phẳng ,
Liên Hệ sdt/zalo : 0373022620 (Văn Anh) để được tư vấn chi tiết ,"	False	False	True	False	đường Láng, Quận Đống Đa	Hà Nội	đường Láng, Quận Đống Đa
Bán nhà riêng, 54m2 /62 m2 x 4.5 tầng, mặt tiền 3.6m, sổ đỏ chính chủ	2	54.0	4.5	5.0		"Vị trí :
Khu phân lô Đầm Trấu, Hai Bà Trưng, Hà Nội.
Căn liền kề áp góc .
( hàng xóm Tổ hợp Sun Grand City )
( An Ninh tốt , Hàng xóm thân thiện , dân trí cao )
Tiện ích : Nằm trong khu đô thị đầm trấu xung quanh là quán cafe, quán ăn , mẫu giáo trường học.
Cách bệnh viện 108 , hữu nghị 1km .
Cách Nhà hát lớn , phố cổ : 2km.
Diện tích: 54m2 /62 m2 x 4.5 tầng, mặt tiền 3.6m
Nhà 2 mặt tiền. Ô tô đỗ trước cửa . 1 Mặt đường rộng 13m , 1mặt đường rộng 4m
Rất phù hợp làm Văn phòng Cty, ở hay quán cafe
Đặc điểm :
- Nhà xây 4 tầng 1 tum khung cột chắc chắn có ô chờ thang máy
Thiết kế tâm huyết tỉ mỉ từng chi tiết
Phòng nào cũng có cửa sổ, ban công, thoáng sáng.
HIẾM
+ Tầng 1: Phong khách , bếp, vs.
+ Tầng 2: Phòng khách, 1 phòng ngủ, vs.
+ Tầng 3: 02 phòng ngủ, vs.
+ Tầng 4: Phòng thờ, 1 phòng ngủ, vs.
+ Tum: Khu kỹ thuật, téc nước.
Sổ đỏ chính chủ
Vía Gia Chủ : Sởi lời vui vẻ , 2 vợ chồng hạnh phúc , con cái giàu có thành đạt
Giá bán : 15tỷ9 ( Có thương lượng với những ai có thiện chí )
Bác nào thích hoặc biết ai có nhu cầu thì giới thiệu em Sẽ có commision cao ạ.
inb mình hoặc zalo ( con của chính chủ để làm việc Hanh Candy : 0917208333 )"	False	False	True	False	Khu phân lô Đầm Trấu, Hai Bà Trưng, Hà Nội	Khu phân lô Đầm Trấu, Hai Bà Trưng, Hà Nội	Khu phân lô Đầm Trấu, Hai Bà Trưng, Hà Nội
Bán nhà hẻm 413 Lê Văn Quới Bình Tân, 40m2, 3 tầng BTCT, 3PN, chỉ nhỉnh 4 tỷ TL	15	40.0	3.0	2.0	413/ đường lê văn quới, bình trị đông A, bình tân	"+ Diện tích 4 x 10m. 3 tầng bê tông cốt thép

+ Nhà tự xây để ở nên rất kiêng cố, hiện còn rất mới.

+ Hiện trạng 1 trệt 1 lửng 1 lầu, tổng 3 phòng ngủ, 2 toliet, sân phơi ban công thoáng mát, thích hợp cho gia đình đông người ở hoặc kinh doanh online.

+ Hẻm trước nhà 3m thông thẳng ra Mã Lò, tuy nhiều sẹc nhưng tất cả điều là hẻm to. 100m ra mặt tiền lê văn quới.

+ Sổ vuông vắn, hoàn công đủ. Cần bán gấp để đổi nhà to hơn. xin mời khách thiện chí
==============================================
LH: Nguyễn tiền xem nhà, thương lượng giá cả làm việc chính chủ."	False	False	True	False	hẻm 413 Lê Văn Quới, Quận Bình Tân	413/ đường lê văn quới, bình trị đông A, bình tân	hẻm 413 Lê Văn Quới, Quận Bình Tân
HIẾM! KHU PHÂN LÔ Ô BÀN CỜ- TÂN BÌNH- Ô TÔ NGỦ NHÀ- 60M2-NGANG 4M- 8.X TỶ.	4.1	60.0				"+ Hẻm ô tô, an ninh, dân trí. 2 phút tới Ngã Tư Bảy Hiền, Công Viên Lê Thị Riêng, Kênh Nhiêu Lộc.
+ Nhà 1 trệt, 1 lầu, sân thượng, 2 phòng ngủ lớn.
+ Sổ đẹp pháp lý chuẩn, công chứng ngay.
Anh chị mua ở/ kinh doanh alo em Oanh gấp nhé. Hàng hiếm dễ bay."	False	False	True	False	Ngã Tư Bảy Hiền, Công Viên Lê Thị Riêng, Kênh Nhiêu Lộc, Quận Tân Bình	Ngã Tư Bảy Hiền, Công Viên Lê Thị Riêng, Kênh Nhiêu Lộc, Quận Tân Bình	Ngã Tư Bảy Hiền, Công Viên Lê Thị Riêng, Kênh Nhiêu Lộc, Quận Tân Bình
Bán nhà mặt phố Nguyễn Văn Cừ-Long Biên 130m x 3tầng, MT 7.5m, full thổ cư	8.5	130.0	3.0	2.0		"Bán nhà mặt phố Nguyễn Văn Cừ-Long Biên 130m x 3tầng, MT 7.5m, full thổ cư
Cách cầu Chương Dương 300m, vị trí đắc địa, vỉa hè rộng 8m, phù hợp nhiều hình thức kinh doanh
Sổ đỏ, pháp lý đầy đủ
Giá : 38 tỷ ( có thương lượng )
Lh xem nhà miễn phí và tư vấn: Trần Hải"	False	False	True	False	đường Nguyễn Văn Cừ-Long Biên	đường Nguyễn Văn Cừ-Long Biên	đường Nguyễn Văn Cừ-Long Biên
Bán nhanh căn Thịnh Quang, Đống Đa hơn 2,3 Tỷ mặt tiền 4.3m(Nhanh Thì Còn)	38	20.0	3.0	2.0	Hà Nội	"+ Nhà siêu đẹp tại Thái thịnh thông ra đường Tây Sơn, Vĩnh Hồ cắt đường Trường Chinh và Nguyễn Trãi , 5p đi xe là đến đường Láng Hạ và Ga Thái Hà.
+ Xung quanh bán kính 2km có nhiều tiện ích : Rạp chiếu phim quốc gia, Cơm Tấm sà bì chưởng, Trường Đại Học Thủy Lợi, Hồ Đống Đa,...

+ Nhà thiết kế 3 tầng: Với tầng 1 kd bán hàng Online , tầng 2,3 mỗi tầng đều có phòng ngủ và wc khép kín cùng nội thất đi theo : điều hòa , bình nóng lạnh,..=> Phù hợp với gia đình 2 vợ chồng và 2 con .
+ Không gian sống yên tĩnh , một cuộc sống giản dị êm đềm không hề vội vã xô bồ khi sống ở Hà Nội,


+ Dân trí cao , nếp sống văn hóa , mặt đường sạch sẽ gọn gàng.
+ Sổ đỏ chính chủ sẵn sàng trao tay trong ngày (Chủ thiện chí muốn bán)

Liên Hệ/zalo : 0373022620 (Văn Anh) để được tư vấn và hỗ trợ 24/7"	False	False	True	False	đường Thái Thịnh, phường Vĩnh Hồ, quận Đống Đa	Hà Nội	đường Thái Thịnh, phường Vĩnh Hồ, quận Đống Đa
Bán nhanh căn Thịnh Quang, Đống Đa hơn 2,3 Tỷ mặt tiền 4.3m(Nhanh Thì Còn)	2	20.0	3.0	3.0	Hà Nội	"+ Nhà siêu đẹp tại Thái thịnh thông ra đường Tây Sơn, Vĩnh Hồ cắt đường Trường Chinh và Nguyễn Trãi , 5p đi xe là đến đường Láng Hạ và Ga Thái Hà.
+ Xung quanh bán kính 2km có nhiều tiện ích : Rạp chiếu phim quốc gia, Cơm Tấm sà bì chưởng, Trường Đại Học Thủy Lợi, Hồ Đống Đa,...

+ Nhà thiết kế 3 tầng: Với tầng 1 kd bán hàng Online , tầng 2,3 mỗi tầng đều có phòng ngủ và wc khép kín cùng nội thất đi theo : điều hòa , bình nóng lạnh,..=> Phù hợp với gia đình 2 vợ chồng và 2 con .
+ Không gian sống yên tĩnh , một cuộc sống giản dị êm đềm không hề vội vã xô bồ khi sống ở Hà Nội,


+ Dân trí cao , nếp sống văn hóa , mặt đường sạch sẽ gọn gàng.
+ Sổ đỏ chính chủ sẵn sàng trao tay trong ngày (Chủ thiện chí muốn bán)

Liên Hệ/zalo : 0373022620 (Văn Anh) để được tư vấn và hỗ trợ 24/7"	False	False	True	False	Thái thịnh, Đống Đa	Hà Nội	Thái thịnh, Đống Đa
Cần bán Nhà hẻm oto 8m, P. Linh Trung, Diện tích 77.2m², Giá 6.2 Tỷ	2	77.0			Đường Lê Văn Chí, Phường Linh Trung, Quận Thủ Đức, TP HCM	"Cần bán Nhà hẻm oto 8m, P. Linh Trung, Diện tích 77.2m², Giá 6.2 Tỷ
Chủ ngộp giá 7,5 Tỷ giảm còn 6,2 Tỷ ( giá bán nhà bằng mua lô đất ở khu đó xây nhà )
- Kết cấu Nhà 1Trệt + lửng, đường Lê Văn Chí P. Linh Trung Thủ Đức
- Mặt tiền Hẻm 8m + vỉa hè 2 bên , đường nhựa đẹp thông xe tải chạy xung quanh
- Vị trí nhà ở mở Vp, Cty, kinh doanh tốt…………………..
- Vị trí đẹp nằm trong khu dân cư xây dựng cao tầng kín, Nhà Ngay Bệnh viện Đa Khoa Thủ Đức, Đại học NL, ĐHNH, SPKT... , trường Mầm Non , THPT Linh Trung duy chuyển Chỉ 3-5phút....
- Pháp lý : Sổ hồng riêng, hoàn công đủ, khu dân cư hiện hữu không quy hoạch
- Diện tích : 77,2m2 Thổ cư 65,2m2 (4mx19,3m)
- Giá bán còn 6,2 Tỷ khách thiện chí mua chủ giảm lộc may mắn
Liên hệ : 0898 408 677 xem nhà, làm việc chính chủ"	False	False	True	False	đường Lê Văn Chí, P. Linh Trung, Quận Thủ Đức	Đường Lê Văn Chí, Phường Linh Trung, Quận Thủ Đức, TP HCM	đường Lê Văn Chí, P. Linh Trung, Quận Thủ Đức
Bán Nhà Võng Thị - Tây Hồ, gần trường học Các Cấp, Gala Ô Tô 7 chỗ, Khu Phố Văn Minh. 45m2. 10 tỷ	6.2	45.0				"+ Ngõ thông thoáng, đường ô tô tránh, Khu phố Văn Minh Dân Trí Cao.

+ Nhà mới, đẹp lung linh, xây 5 tầng 1 tum thiết kế Cực Kỳ hợp lý - có gala ô tô 7 chỗ.

+ Chỉ hơn 100m có đầy đủ trường học các cấp: Mầm Non Tư Thục, tiểu học + THCC Đông Thái, THPP Đông Đô. Rất gần Hồ Tây lộng gió.

_ Chủ nhà rất thân thiện, có con thành đạt hiện đang ở Nước Ngoài muốn bán để có thể sang định cư cùng con.
+ LH em Sĩ 24/7 để được tư vấn chi tiết hơn và xem nhà để cảm nhận trực tiếp vẻ đẹp căn nhà và văn minh khu phố.
Zalo/sđt: 0824040512"	False	True	True	False	Võng Thị, Tây Hồ	Võng Thị, Tây Hồ	Võng Thị, Tây Hồ
Chiết khấu 24% dành cho KH giao dịch trong tháng 6. Nhà 1 trệt 1 lầu KCN VSip 2A giá 480tr	10	60.0	2.0	2.0		"Chỉ 480 triệu sở hữu căn nhà phố 1 trệt 1 lầu ngay Khu công nghiệp Vsip2a Bình Dương, cách khu công nghiệp Mỹ Phước 3 chỉ 1km.

Xung quanh dân cư hiện hữu, đầy đủ tiện ích như: công viên, hồ bơi, sân banh, khu vui chơi trẻ em,..

Bàn giao nhà hoàn thiện mặt ngoài, tầng trệt, thô tầng lầu.

Thanh toán 480tr nhận nhà, chiết khấu 24%

LIÊN HỆ HỖ TRỢ TƯ VẤN VÀ XEM NHÀ TRỰC TIẾP: 0936883381 Ms Tú"	False	False	True	False	Khu công nghiệp VSip2a, Bình Dương	Khu công nghiệp VSip2a, Bình Dương	Khu công nghiệp VSip2a, Bình Dương
NHÀ ĐẸP SÁT Q10 – 40M2- NGANG 5M- 5 TẦNG MỚI TOANH- 8.X TỶ.	38	40.0				"+ Diện tích: 5m x 8m.
+ Nhà 1 trệt, 4 lầu, 2 phòng ngủ smaster, phòng khách, bếp.
+ 1 phút tới Ngã Tư Bảy Hiền, 2 phút tới công viên Lê Thị Riêng, 5 phút tới Q10, 10 phút tới Q3.
+ Sổ đẹp, hoàn công đủ. Pháp lý chuẩn.
Anh chị mua ở/ cho thuê alo em Oanh sớm. Nhà đẹp về tay sau 1 nụ cười."	False	False	True	False	Ngã Tư Bảy Hiền, Q10	Ngã Tư Bảy Hiền, Q10	Ngã Tư Bảy Hiền, Q10
Chủ nhà vỡ nợ cần bán gấp	9	120.0	3.0	3.0		"Nhà rộng đẹp thoáng mát hẻm đường Nguyễn Sỹ Sách, P.15, Tân Bình
Diện tích : 4 x 15m, công nhận đủ. Diện tích sàn 120m2

Kết cấu: 1 trệt,1 lầu đúc BTCT
✅ Gồm 1 phòng khách, bếp, 3 phòng ngủ, 3 nhà vệ sinh
✅ Nhà được thiết kế hài hoà, không gian thoáng – sáng – mát
✅ Nhà hoàn thiện đầy đủ nội thất đi kèm hệ thống năng lượng mặt trời, chỉ việc xách vali về ở
✅ Hẻm nhựa 4m, nằm trên trục đường thông từ Nguyễn Sỹ Sách qua Phạm Văn Bạch, xe 4 chỗ đỗ ngay cửa nhà

Tiện ích cách công viên xanh, phòng gym chỉ 100m, cách trạm y tế – trường học – chợ – UBND phường chỉ 350m

Pháp lý sổ hồng riêng, hoàn công đầy đủ.
Cam kết thông tin thật 100%

Liên hệ xem nhà 24/7"	True	True	True	True	hẻm đường Nguyễn Sỹ Sách, Phường 15, Quận Tân Bình	hẻm đường Nguyễn Sỹ Sách, Phường 15, Quận Tân Bình	hẻm đường Nguyễn Sỹ Sách, Phường 15, Quận Tân Bình
Nhà phố kinh doanh 4 tầng mặt tiền Hoàng Quốc Việt Huế. DTSD: 347m2	3.9	347.0	4.0	4.0	102	"✨SHOPHOUSE 4 TẦNG MẶT TIỀN HOÀNG QUỐC VIỆT DỰ ÁN BGI TOPAZ DOWNTOWN HUẾ✨
???? Siêu ưu đãi đầu tư sinh lời:
⭐️ Thanh toán 8 đợt gần 18 tháng trải dài.
⭐️ Ngân hàng BIDV hỗ trợ lên đến 70% GTHD - 12 tháng đầu tiên ân hạn gốc lãi.
⭐️ Tiêu điểm không gian xanh: có các công viên nội khu, công viên hồ điều hòa tạo điều kiện lí tưởng để an cư
⭐️ Vị trí kim cương: Nằm trên trục đường 26m Hoàng Quốc Việt kết nối Võ Văn Kiệt - Văn Tiến Dũng. Liền kề đại siêu thị Aeon Mall tiềm năng sinh lời cực lớn. Đối diện công viên hồ điều hoà tạo ra không gian sống tươi mát, trong lành.
⭐️ Dự án có hoạch nền đất cao hơn tầm 1 m so với mặt đường Hoàng Quốc Việt
⭐️ Diện tích từ 119 m2 – 223 m2 (ngang từ 8 - 10m)
⭐️ Mật độ xây dựng chỉ 60%, vườn thượng uyển nội khu, công viên văn hóa.
☎ HOTLINE: 0777.555.832 gặp Minh để được tư vấn cụ thể nhất.
------------------------------------
????THÔNG TIN LIÊN HỆ:
Công ty CPĐT Bất Động Sản Phúc Đại Việt
""????????????̂́???? ????????̣???? ????????????́ ????????????̣ ????????̛????̛???????? ????????????""
????Chi nhánh Huế: Lô B9 An Cựu City, Hoàng Quốc Việt, An Đông, TP Huế"	True	False	True	False	đường Hoàng Quốc Việt, An Đông, TP Huế	102	đường Hoàng Quốc Việt, An Đông, TP Huế
Bán nhà gần MT Tô Ngọc Vân Linh Đông TĐ, hẻm xe hơi 7m, 72m2, 2 tầng, SHR , dòng tiền, chỉ nhỉnh 4 tỷ	13	72.0				"Bán nhà gần MT Tô Ngọc Vân Linh Đông TĐ, hẻm xe hơi 7m, 72m2, 2 tầng, SHR , dòng tiền, chỉ nhỉnh 4 tỷ
+ Nhà 2 tầng, gồm 2 phòng ngủ và 2 phòng vệ sinh, phòng khách và sân phía trước.
+ Diện tích: Ngang 4, dài 18 sổ vuông vức
+ Hẻm 7m rộng thoáng , sân rông đậu xe thỏa mái, khu vực sầm uất phù hợp khách mua ở hoặc đầu tư giá tốt
+ Tiện ích xung quanh đầy đủ cách mặt tiền Tô Ngọc Vân và đường Linh Đông, Phạm Văn Đồng 50m
-+Pháp lý minh bạch, bao công chứng trong ngày.
+ Giá chào: 4.8 tỷ ( thương lương)
LH Mr Ảnh 0905248088 Nhà ngon, giá rẻ"	False	True	True	False	Tô Ngọc Vân, Linh Đông, TĐ	Tô Ngọc Vân, Linh Đông, TĐ	Tô Ngọc Vân, Linh Đông, TĐ
Nhà ở ngay, gần mặt tiền Bình Giã, P.13, Tân Bình. 4.2 tỷ	4600000	53.0	3.0	2.0	Bình Giả, P.13, Tân Bình	Nhà kết cấu trệt 1 lửng. 2 phòng ngủ có thể cải tạo thêm phòng, bếp ăn, sân để xe rộng. Hẻm sạch sẽ, an ninh, yên tĩnh. Vị trí sát mặt tiền Bình Giã, cạnh bệnh viện Mỹ Đức, gần UBND Quận Tân Bình, các ngân hàng, trường học các cấp, cùng nhiều tiện ích xung quanh. Sổ vuông vức. Liên hệ anh Võ: 0909 100 817. Không tiếp trung gian.	False	False	True	False	mặt tiền Bình Giã, Phường 13, Quận Tân Bình	Bình Giả, P.13, Tân Bình	mặt tiền Bình Giã, Phường 13, Quận Tân Bình
Bán nhà kinh doanh 190m2 ngay Gx THUẬN HOÀ (P. Tân Phong) chỉ 4,5 tỉ	4.2	190.0	2.0			"???????? Bán nhà mặt tiền kinh doanh 190m2 SHR thổ cư ngay Gx THUẬN HOÀ (P. Tân Phong)
✅ Sổ riêng thổ cư.
+ Diện tích: 7x27m (190m2)
✅ Đường to vật vã thông tứ phía, xe tải né nhau
✅ Gần chợ Tân Phong, gx Thuận Hoà, trường THCS Tân Phong, uỷ ban phường, ...."	False	False	True	False	Gx Thuận Hoà, Phường Tân Phong	Gx Thuận Hoà, Phường Tân Phong	Gx Thuận Hoà, Phường Tân Phong
Bán nhà Tô Hiệu-hẻm 8m thông ngay chợ-cạnh chung cư NOVA-4PN+nội thất siêu đẹp-kinh doanh tốt	4.5	82.0	4.0	6.0	Tô Hiệu, Hiệp Tân Tân Phú	"Bán nhà Tô Hiệu-hẻm 8m thông ngay chợ-cạnh chung cư NOVA-4PN+nội thất siêu đẹp-kinh doanh tốt
+ Kết cấu: 5 tầng vơi PK, 4 PN, phòng thờ, 6 WC, bếp, nội thất siêu đẹp.
+ Vị trí: hẻm 8 m Tô Hiệu, cạnh chung cư Nova Land, chợ, nhà thợ, trường học, siêu thị,….
+ Sổ đẹp, nở hậu tài lộc, mua bán nhanh.
+ DT: 85m2, DTSD: 400m2. Giá tốt: 8.9 tỷ(thương lượng).
Trên đường Tô Hiệu có nhiều trường học quan trọng như Trường THPT Nguyễn Thượng Hiền, trường THPT Bạch Đằng, Trường Tiểu học Phú Nhuận.
Bên cạnh đó đường Tô Hiệu cũng có nhiều khu chợ và siêu thị lớn như siêu thị Co.opmart, Emart, Vinmart, Big C, thu hút rất nhiều người mua sắm và du khách đến tham quan."	False	False	True	False	hẻm Tô Hiệu, cạnh chung cư Nova Land, chợ, nhà thợ, trường học, siêu thị	Tô Hiệu, Hiệp Tân Tân Phú	hẻm Tô Hiệu, cạnh chung cư Nova Land, chợ, nhà thợ, trường học, siêu thị
Với 7,x tỷ sở hữu ngay căn nhà phố thuận lợi kinh doanh tại Centa Vsip	6.5	120.0			KĐT centa Vsip, Phù Chẩn, tp Từ Sơn, Bắc Ninh, khu đô thị Centa Vsip, Phù Chẩn, Từ Sơn, Bắc Ninh	"????️Căn shophouse, xây 3 tầng mặt đường rộng 26m, trục phố đi bộ rộng rãi, để ô tô thuận tiện kinh doanh, cho thuê được ngay

???? Vị trí: shophouse tại dự án Centa Vsip Bắc Ninh, tiếp giáp với Ninh Hiệp, Gia Lâm
???? Dự án kết nối trực tiếp với 3 đường cao tốc, đường vành đai 3, tỉnh lộ 179 thuận tiện di chuyển
- Diện tích: 120m2(6*20)
- DTXD: 72m2, tổng 3 sàn 226m2
- Vỉa hè rộng rãi
???? Pháp lý chuẩn
????Cách công viên nội khu khoảng 50m,
ngay gần trường học, bệnh viện, khu
thể thao...
???? Dân cư hiện hữu, sầm uất tận hưởng cuộc sống, môi trường xanh

☎️ Liên hệ em Toan 0942 505 155"	True	True	True	False	Du968ại pm trdehyrn 3 ngày, tiếp giáp với Ninh Hiệp, Gia Lâm	KĐT centa Vsip, Phù Chẩn, tp Từ Sơn, Bắc Ninh, khu đô thị Centa Vsip, Phù Chẩn, Từ Sơn, Bắc Ninh	Du968ại pm trdehyrn 3 ngày, tiếp giáp với Ninh Hiệp, Gia Lâm
Bán nhà 4 tầng 48m2 hướng ĐB đô thị Himlam, Hùng Vương, Hồng Bàng, Hải Phòng LH 0796-336-866 giá hơn 3 tỷ	7.2	48.0	4.0	3.0	Himlam, Hùng Vương, Hồng Bàng, Hải Phòng	"Địa chỉ: Him Lam, Hùng Vương, Hồng Bàng, Hải Phòng.
???? Bán nhà 4 tầng đẹp không lỗi lầm khu đô thị số 1 Himlam, Hùng Vương, Hồng Bàng
48,3m2- 4 tầng- 3,5 tỷ
???? Mrs TÂM: 0796-336-866

✅ Thông số:
- Diện tích: 48,3m2.
- Ngang: 4,2m.
- Hướng: ĐB
- Đường: 10m

✅ Pháp lý rõ ràng, Sổ đỏ chính chủ

✅???? Giá: 3,5 tỷ( TT)

✅ Cấu trúc:
+ Tầng 1: phòng khách, bếp, wc
+ Tầng 2: 1 phòng ngủ, 1wc khép kín, phòng khách tầng 2
+ Tầng 3: 2 phòng ngủ, wc
+ Tầng 4: phòng thờ, sân phơi

✅ Nhà nằm trong khu phân lô đồng bộ, cơ sở hạ tầng đẹp, không ngập lụt.

✅ Dân trí cao, An ninh cực tốt

???? Mọi thông tin chi tiết LH Mrs Tâm: 0796-336-866 Công ty Bán nhà Hải Phòng “ UY TÍN- TẬN TÂM- CHUYÊN NGHIỆP”"	False	False	True	False	Him Lam, Hùng Vương, Hồng Bàng, Hải Phòng	Himlam, Hùng Vương, Hồng Bàng, Hải Phòng	Him Lam, Hùng Vương, Hồng Bàng, Hải Phòng
Bán nhà HXH Trần Nhân Tôn Quận 10 33m2 chỉ 3 tỷ 700 triệu.	3.5	33.0				"+ Chỉ hơn 3 tỷ sở hữu nhà Trung tâm Sài Gòn xa hoa.
+ Hẻm thông ra Hùng Vương, Ngã 7 Lý Thái Tổ,…
+ Chỉ trong 10 phút di chuyển về các Quận Trung tâm.
+ Hỗ trợ vay Ngân hàng.
+ Sổ Hồng đẹp pháp lý chuẩn công chứng ngay.
Liên hệ: 0386018524, Dũng Nhà Phố Trung Tâm, xem nhà MIỄN PHÍ."	False	False	True	True	đường Trần Nhân Tôn, Phường 10, Quận 10	đường Trần Nhân Tôn, Phường 10, Quận 10	đường Trần Nhân Tôn, Phường 10, Quận 10
Bán nhà Tô Hiệu – Hẻm 8m-Cạnh chung cư Nova-Nội thất siêu đẹp-tiện kinh doanh	3.7	82.0	4.0	6.0	Tô Hiệu Phường Hiệp Tân Quận Tân Phú	"Bán nhà Tô Hiệu – Hẻm 8m-Cạnh chung cư Nova-Nội thất siêu đẹp-tiện kinh doanh
+ Kết cấu: 5 tầng vơi PK, 4 PN, phòng thờ, 6 WC, bếp, nội thất siêu đẹp.
+ Vị trí: hẻm 8 m Tô Hiệu, cạnh chung cư Nova Land, chợ, nhà thợ, trường học, siêu thị,….
+ Sổ đẹp, nở hậu tài lộc, mua bán nhanh.
+ DT: 85m2, DTSD: 400m2. Giá tốt: 8.9 tỷ(thương lượng).
Tuyến đường Tô Hiệu cũng là nơi có nhiều nhà hàng, quán cà phê, quán bar, rạp chiếu phim và các cửa hàng thời trang, là nơi tập trung nhiều hoạt động giải trí và mua sắm cho người dân và du khách.
Ngoài ra đây là một trong những tuyế đường quan trọng của thành phố, giúp kết nối các quận trung tâm của TPHCM với các quận lân cận. Tuyến xe buýt thì rất thuận tiện đi lại."	False	False	True	False	hẻm Tô Hiệu, cạnh chung cư Nova Land	Tô Hiệu Phường Hiệp Tân Quận Tân Phú	hẻm Tô Hiệu, cạnh chung cư Nova Land
BÁN NHÀ RIÊNG TẠI BÙI XƯƠNG TRẠCH, NHÀ ĐẸP 3 THOÁNG, OTO, CHỈ NHỈNH 4 TỶ.	8.9	39.0	4.0	3.0	Đường Bùi Xương Trạch, Phường Khương Trung, Quận Thanh Xuân, Hà Nội	"Bán nhà đẹp tại Bùi Xương Trạch – Thanh Xuân, phân lô, Ô TÔ, nhà nằm gần vườn hoa đường vành đai 2.5, có 3 mặt thoáng nói không với quy hoạch, cực kỳ tiện lợi.

Nhà có diện tích 39m2 mặt tiền 4m xây 4 tầng thiết kế hiện đại tầng 2 phòng đầy đủ công năng sử dụng. Nhà tự xây để ở vô cùng tâm huyết và cẩn thận.

Nhà nằm ở vị trí trung tâm cách Ngã Tư Sở 3km, hưởng trọn vẹn tiện ích khu vực như TTTM Royal City, TTTM Artemis, Đại học Y, Bệnh viện Đại học Y,…Công viên, hồ điều hòa, thuận tiện di chuyển sang các cung đường khác như Nguyễn Trãi, Trường Chinh, Lê Trọng Tấn, Vũ Tông Phan…

Sổ đỏ chính chủ sẵn sàng giao dịch ngay.

Liên hệ ngay: 0921084215"	False	False	True	False	đường Bùi Xương Trạch, phường Thanh Xuân	Đường Bùi Xương Trạch, Phường Khương Trung, Quận Thanh Xuân, Hà Nội	đường Bùi Xương Trạch, phường Thanh Xuân
Nhà đẹp giá tốt Nguyễn Trãi, Quận 5 30m2 4 tầng chỉ 5 tỷ 600	4.8	30.0	5.0	5.0	Nguyễn Trãi, Phường 2, Quận 5	"Bán Nhà Đẹp Nguyễn Trãi, Phường 2, Quận 5 30m2 4 tầng chỉ 5 tỷ 600
Vị trí trục đường chính gần Sài Gòn Cổ Trấn, Lê Hồng Phong chỉ cách mặt tiền Nguyễn Trãi hơn 30m. Di chuyển quận 1 và các quận lân cận thuận tiện
Kết cấu: Ngang 3.5m gần 4m, dài 8m gồm 1 trệt, lửng, 2 lầu, sân thượng.
Nhà mới đẹp ở ngay, 5 phòng ngủ, nội thất hiện đại, điện chiếu sáng đèn nét.
Khu vực dân trí, an ninh, sạch sẽ, không ngập nức, hàng xóm thân thiện.
Giá chỉ 5 tỷ 600 còn thương lượng tốt cho khách thiện chí.
Liên hệ xem nhà & hỗ trợ kiểm tra pháp lý.
0938509958 Nguyễn Hương (Zalo)"	False	False	True	False	Nguyễn Trãi, Phường 2, Quận 5	Nguyễn Trãi, Phường 2, Quận 5	Nguyễn Trãi, Phường 2, Quận 5
Nhà phố Nguyễn Sơn, vỉa hè oto tránh đỗ, kinh doanh nhộn nhịp, 92m2x5t, mặt: 5m, 16 tỷ	5.6	92.0			Nguyễn Sơn	"+ Vị trí dân trí cán bộ hàng không, thuộc khu toàn lãnh đạo cấp cao, thông sang Nguyễn Văn Cừ, trung tâm phường Bồ Đề.
- Nhà 5 tầng tự xây để ở rất đẹp, chắc chắn, móng nhồi cọc bê tông, cầu thang bộ giữa, có chỗ làm cầu thang máy.
- Tầng 1: Cho thuê làm cửa hàng + phòng khách + phong ăn (bếp).
- Tầng 2, 3, 4: Mỗi tầng 4 phòng đẹp thiết kế theo kinh doanh nhà nghỉ.
- Tầng 5: Sân phơi.
+ Nhà tổng 15 phòng, đang làm chung cư mini chủ yếu cho thuê phi công, tiếp viên, nhân viên bên hàng không thuê 11 phòng, hiện đang kín hết phòng, với giá tổng 40 triệu/tháng với 11 phòng, còn cửa hàng cho thuê với giá 15 triệu/tháng.
+ Sổ đỏ cực kỳ vuông văn, pháp lý sạch.
- Liên hệ: 0965492571(xem nhà và tư vấn miễn phí)"	True	True	True	False	Nguyễn Sơn, phường Bồ Đề	Nguyễn Sơn	Nguyễn Sơn, phường Bồ Đề
Cho thuê nhà mặt phố Lacasta Văn Phú, Hà Đông 70 m, 4 tầng, chỉ 25 triệu 0962780005	16	280.0				"Cho thuê nhà mặt phố Lacasta Văn Phú, Hà Đông 70 m, 4 tầng, chỉ 25 triệu 0962780005
- Vị trí kinh doanh sầm uất mọi mặt hàng. Không hàng ăn.
- Tầng 1,2: thông sàn, vs
- Tầng 3: 3 phòng
- Tầng 4: phòng rộng
- Đóng 3 cọc 1
- Liên hệ xem nhà trực tiếp 0962780005"	True	True	True	False	Lacasta Văn Phú, Hà Đông	Lacasta Văn Phú, Hà Đông	Lacasta Văn Phú, Hà Đông
Bán Nhà Riêng Bình Thạnh, Phường 13, Nguyễn Xí, 31m2, 3 Tầng, Mới Tinh, Ở Ngay	4.8	31.0	3.0	3.0		"Bán Nhà Bình Thạnh.
Nguyễn Xí, Phường 13, Bình Thạnh, 3 Tầng, 31m2, Nhà Mới, Ở Ngay
Mô tả:
+ Hẻm 3m thông Nơ Trang Long, sạch sẽ, an ninh.
+ Nhà mới kính cong, khách vào ở ngay. Thiết kế 1 trệt 2 lầu. Gồm phòng khách, bếp, 2 phòng ngủ, 1 kho ( có thể làm thành phòng ngủ), 2 wc, ban công thoáng mát.
+ Gần chợ, Trường học các cấp, Bệnh viện, UBND....
+ Sổ chủ gửi Exim Bank giữ hộ 500 triệu.
+ Sổ vuông vức, giao dịch và công chứng trong ngày.
- Gọi ngay 0935610440 (Zalo) Mr Vinh xem nhà, đất trực tiếp.
- Bất động sản nhà phố Sài Gòn - Nhà đất giá rẻ - Gặp Chính Chủ Thương Lượng
#batdongsannhaphosaigon"	False	False	True	False	Nguyễn Xí, Phường 13, Quận Bình Thạnh	Nguyễn Xí, Phường 13, Quận Bình Thạnh	Nguyễn Xí, Phường 13, Quận Bình Thạnh
HXT. Chiến Lược. Bình Tân. DTCN 40m2. 2 tầng BTCT. Không quy hoạch. Nhỉnh 3 Tỷ.	3.95	40.0				"+ Kết cấu 1 trệt 1 lầu, 2 phòng ngủ, đầy đủ công năng, xe tải để trước nhà.
+ Sát mặt tiền Chiến Lược, Thông Mã Lò, BV Bình Tân, HL2, hẻm an ninh, dân trí.
+ Vị trí đỉnh, sát vách Tân Phú, Ngay BV Bình Tân xung quanh nhiều trường học, chợ,…, khu vực đông đúc, sầm uất ngày đêm, tiện ích xung quanh không thiếu thứ gì.
+ Chủ rất hợp tác, thương lượng tốt."	False	False	True	False	Ð한국 Lược, Phường Bình Tân, Quận Tân Phú	Ð한국 Lược, Phường Bình Tân, Quận Tân Phú	Ð한국 Lược, Phường Bình Tân, Quận Tân Phú
Hương Lộ 2. Bình Tân. HXT. 4 tầng BTCT. THANG MÁY. 96m2. Nhỉnh 5 Tỷ.	3.8	96.0				"+ Chủ cực gấp bán hạ chào liên tục - Pháp lý chuẩn công chứng trong ngày đang nhờ ngân hàng giữ hộ vay 3 tỷ.
+  Vị trí: Ngay Bình Trị Đông, Tân Hòa Đông, Hương lộ 2, gần 2p ra Lê Văn Quới, Giáp Tân Phú, Hoà Bình.
+ Khu dân trí cao hẻm thông sạch sẽ Mặt đường hơn 6m xe tải ra vào.
+ Kết cấu: Nhà 4 tầng trệt hai lầu sân thượng. Gồm 4PN Phòng thờ, sân thượng trên dưới. Nhà sau có 3 phòng cho thuê thu nhập 4-5 triệu."	False	True	True	True	Hương Lộ 2, Bình Trị Đông, Tân Hòa Đông, Bình Tân	Hương Lộ 2, Bình Trị Đông, Tân Hòa Đông, Bình Tân	Hương Lộ 2, Bình Trị Đông, Tân Hòa Đông, Bình Tân
HXT. Chiến Lược. Bình Tân. DTCN 40m2. 2 tầng BTCT. Không quy hoạch. Nhỉnh 3 Tỷ.	5.9	40.0				"+ Kết cấu 1 trệt 1 lầu, 2 phòng ngủ, đầy đủ công năng, xe tải để trước nhà.
+ Sát mặt tiền Chiến Lược, Thông Mã Lò, BV Bình Tân, HL2, hẻm an ninh, dân trí.
+ Vị trí đỉnh, sát vách Tân Phú, Ngay BV Bình Tân xung quanh nhiều trường học, chợ,…, khu vực đông đúc, sầm uất ngày đêm, tiện ích xung quanh không thiếu thứ gì.
+ Chủ rất hợp tác, thương lượng tốt."	False	False	True	False	Chiến Lược, Bình Tân	Chiến Lược, Bình Tân	Chiến Lược, Bình Tân
QUẬN 8 - HƯNG PHÚ - 1PHÚT RA MẶT TIỀN - GIÁP TRUNG TÂM - DIỆN TÍCH SỬ DỤNG 46M2 HOÀN CÔNG ĐỦ - KHÔNG QUY HOẠCH CHỈ 2TỶ2.	5.9	23.0	2.0	1.0	HƯNG pHÚ	"QUẬN 8 - HƯNG PHÚ - 1PHÚT RA MẶT TIỀN - GIÁP TRUNG TÂM - DIỆN TÍCH SỬ DỤNG 46M2 HOÀN CÔNG ĐỦ - KHÔNG QUY HOẠCH CHỈ 2TỶ2.
????Diện tích:dài 4m3 ngang 8m5.
????Thiết kế:01 trệt 01 lầu 1WC, nhà sát mặt tiền đường Hưng Phú.
????Hẻm trước nhà 2m rộng rãi thoáng mát.
????Vị trí: thuận tiện di chuyển qua các Quận 8, 4, 5, 7,... Và dễ dàng di chuyển ra các tuyến đường Phạm Hùng, Nguyễn Tri Phương, Ba Đình, Phạm Thế Hiển....
☎️LH:Huỳnh Nhà Phố 0366978082/zalo."	False	False	True	False	đường Hưng Phú, Quận 8	HƯNG pHÚ	đường Hưng Phú, Quận 8
CHỈ 2x TỶ NHÀ ĐẸP DÃ MAN - TT BẢN ĐỒ ĐỐNG ĐA - 3 BƯỚC RA PHỐ LỚN, CHỢ, TRUNG TÂM ĐỐNG ĐA	2.2					"CHỈ 2x TỶ NHÀ ĐẸP DÃ MAN - TT BẢN ĐỒ ĐỐNG ĐA - 3 BƯỚC RA PHỐ LỚN, CHỢ, TRUNG TÂM ĐỐNG ĐA

- DT: 30m2 - Hơn 2 Tỷ (chưa đến 100tr/m2) mà ở trung tâm Đống Đa. CỰC HIẾM!!!!

NHÀ Ở CỰC SANG TRỌNG, VỢ CHỒNG MỚI CƯỚI VỀ Ở THÌ CÒN GÌ BẰNG, THẬM CHÍ PHÙ HỢP CHO CẢ ĐẠI GIA ĐÌNH 4 NGƯỜI.

+ Nhà đẹp, ngõ thông, nội thất đỉnh, 15m ra phố Thái Thịnh, Thái Hà, Nguyễn Văn Tuyết, tiện đường thông ra Hoàng Cầu, Tây Sơn, Xã Đàn,..

+ Nhà đẹp, công năng đầy đủ cho cả đại gia đình, nội thất sang trọng, xung quanh tiện ích bạt ngàn.

+ Vị trí ngõ thông khu dân cư có dân trí cao, thân thiện, không vứt rác bừa bãi. Ngõ thông ra đường lớn Thái Thịnh, Nguyễn Văn Tuyết nên nhà hàng, quán nhậu lúc nào cũng sầm uất.

+ Sổ đỏ đẹp, cất két sẵn sàng giao dịch.


Liên hệ ngay để được hướng dẫn chọn căn nhà vừa ý nhất:
0975733136 (Mr Phong ZL + SDT)"	False	False	True	False	đường Thái Thịnh, phố Thái Hà, phường Tây Sơn, quận Đống Đa	đường Thái Thịnh, phố Thái Hà, phường Tây Sơn, quận Đống Đa	đường Thái Thịnh, phố Thái Hà, phường Tây Sơn, quận Đống Đa
ĐƯỜNG NHỰA NỘI BỘ THÁI PHIÊN Q.11 - 6,3 TỶ	3.8	31.0	2.0			"ĐƯỜNG NHỰA NỘI BỘ THÁI PHIÊN Q.11 - 6,3 TỶ

????Mô tả
✅ Diện tích: 3m7 x 9m .
✅ Kết cấu 1 trệt 1 lầu 2 PN 2WC, nội thất đẹp, chủ tặng toàn bộ nội thất.
✅ Vị trí đường nhựa 8m, khu vực kinh doanh.
✅ Sổ vuông vức, chính chủ công chứng ngay

☎️ Gọi ngay đi xem Nhà Đẹp này 093 888 6128 Thúy Dinh ( 翠莹 ).
⏩ Kết bạn Zalo để xem kho hàng và luôn cập nhật hàng mới nhất
---------------------
KHÔNG TIN ẢO - NHÀ THẬT HÌNH THẬT
Ms459"	False	False	True	False	đường Nội Bộ Thái Phiến, Quận 11	đường Nội Bộ Thái Phiến, Quận 11	đường Nội Bộ Thái Phiến, Quận 11
BÁN NHÀ HẺM XE HƠI NGUYỄN THÁI SƠN, GÒ VẤP, 70M2, 6TY8 THƯƠNG LƯỢNG.	6.3				Gò Vấp, Thành phố Hồ Chí Minh	"+BÁN NHÀ HẺM XE HƠI NGUYỄN THÁI SƠN, GÒ VẤP, 70M2, 6TY8
+MẶT TIỀN ĐẸP, NỞ HẬU
LH HƯƠNG XEM NHÀ NGAY."	False	False	True	False	Nguyễn Thái Sơn, Gò Vấp	Gò Vấp, Thành phố Hồ Chí Minh	Nguyễn Thái Sơn, Gò Vấp
Bán gấp siêu phẩm ở Yên Lãng, Đống Đa 30m2 mặt tiền 4m chỉ 2.32 Tỷ	4	20.0	3.0		Hà Nội	"+ Với 2 Tỷ hơn bạn đã sở hữu 1 căn nhà ước mơ rộng rãi giữa lòng Đống Đa , căn nhà nằm ở vị trí đắc địa , thông ra nhiều tuyến đường chính như đường Láng , Tây Sơn , Giảng Võ , Giải Phóng , Trường Chinh ,..
+ Nhiều địa điểm nổi tiếng như : Quán cơm sà bì chưởng của Độ Mixi , McDonald's Thái Hà , Highlands coffee , KFC ,..

+ Nhà được thiết kế 2 phòng ngủ , 1 phòng khách và 1 bếp , mỗi phòng đều có wc mới và đầy đủ tiện ích phù hợp cho gia đình 4 đến 6 người hoặc vợ chồng kinh doanh khởi nghiệp.
+ Không khí tự nhiên được đưa vào nhà mát mẻ , nhà còn mới nên có thể vào ở luôn

+ Sổ đẹp , sẵn sàng sang tên
Liên Hệ ngay để được tư vấn chi tiết sdt/zalo: 0373022620 ( Văn Anh )"	False	False	True	False	Đường Láng, P. Yên Lãng, Quận Đống Đa	Hà Nội	Đường Láng, P. Yên Lãng, Quận Đống Đa
Chỉ 480tr sở hữu ngay nhà 1 trệt 1 lầu ngay Thành Phố Mới, Bình Dương. 0868.856.287	2	100.0				"????Cơ hội trao tay, nhận ngay ưu đãi!
Chỉ 480tr sở hữu ngay
Nhà 1 trệt 1 lầu Thành Phố Mới, Bình Dương.
Đường nhựa 13m thông
Thanh toán dài hạn 13 tháng!
Cam kết lợi nhuận 24% ( 115tr) .
Liên hệ ngay đi xem trực tiếp!"	False	False	True	False	Thành Phố Mới, Bình Dương	Thành Phố Mới, Bình Dương	Thành Phố Mới, Bình Dương
Siêu phẩm nhà 2 mặt phố quận Hoàn Kiếm 65m x 5tầng, 2 vỉa hè, kinh doanh	3.4	65.0	5.0	4.0		"Siêu phẩm nhà 2 mặt phố quận Hoàn Kiếm 65m x 5tầng, 2 vỉa hè, kinh doanh
-Nhà cách hồ Gươm vài bước chân, sát khu phố đi bộ Hoàn Kiếm, trung tâm quận Hoàn Kiếm
-Nhà xây 5 tầng chắc chắc, 2 mặt phố 2 vỉa hè, khu vực sầm uất, kinh doanh đắc địa
Sổ đỏ, pháp lý đầy đủ
Giá : 32 tỷ (có thương lượng )
Miễn phí xem nhà và tư vấn : Trần Hải"	False	False	True	False	đường Hoàn Kiếm, Quận Hoàn Kiếm	đường Hoàn Kiếm, Quận Hoàn Kiếm	đường Hoàn Kiếm, Quận Hoàn Kiếm
Bán Nhà Dĩ An, Gần Trung Tâm Y Tế, Xây Dựng Kiên Cố Và Chắc Chắn,Giá 3Tỷ,Quá Rẻ.	32	144.0	3.0	3.0		"THÔNG TIN SẢN PHẨM

Bán nhà 1 trệt 1 lầu hẻm xe hơi đường Đông An, P.Tân Đông Hiệp, Dĩ An

Diện tích: 144.1m2 thổ cư: 100m2 (5.62x23.62m)

Cách đường ĐT743B 100m, gần trung tâm y tế Dĩ An

Thiết kế: sân xe hơi, phòng khách, bếp, 2 phòng ngủ, 2wc, phòng thờ, ban công trước
Đường rộng 5m thông 2 đầu

Sổ hồng riêng,công chứng sang tên ngay.

Ngân hàng hỗ trợ 70%

Thông tin chi tiết và công năng của ngôi nhà

Nhà đẹp và mới, được thiết kế với tầm nhìn đầy tinh tế. Phòng khách rộng rãi. Bếp được trang bị đầy đủ tiện nghi. Nhà có 2 phòng ngủ sáng sủa, có không gian để làm việc riêng, 2 wc . Đặc biệt, ngôi nhà có phòng thờ thoáng đãng và ban công trước rộng rãi.

Nhờ vị trí đắc địa, gần trung tâm y tế Dĩ An, cho phép bạn tiếp cận ngay với các dịch vụ tiện ích và các khu vực mua sắm xung quanh. Với diện tích rộng, ngôi nhà hoàn toàn có thể sử dụng để sống hoặc kinh doanh.

Với giá bán 3 tỷ, ngôi nhà giúp bạn có được không gian sống và làm việc thoải mái, cùng với lợi ích của việc sống tại một vị trí thuận tiện và phát triển trong tương lai.

Liên hệ ngay để được tư vấn và xem thực tế: Mr.Quang - 0904844228 HTL1691

Nhật Quang Real chuyên:

Nhà 1 trệt 1 lầu Tân Đông Hiệp Dĩ An
Mua nhà tại Bình Dương
Nhà trong hẻm yên tĩnh Bình Dương
Nhà đẹp, tiện nghi Bình Dương
Nhà đẹp giá rẻ Tân Đông Hiệp
Nhà gần đường Trần Thị Dương
Nhà 2 phòng ngủ Bình Dương
Sổ hồng riêng Bình Dương

-Nhận ký gửi BĐS khu vực Bình Dương, Nhận làm hồ sơ chuyển nhượng-Pháp lý-Ngân hàng."	False	False	True	False	đường Đông An, Phường Tân Đông Hiệp, Thành phố Dĩ An	đường Đông An, Phường Tân Đông Hiệp, Thành phố Dĩ An	đường Đông An, Phường Tân Đông Hiệp, Thành phố Dĩ An
Chỉ còn ít suất mua được nhà 1 trệt 1 lầu giá 980tr - KCN VSIP 2	3	60.0	2.0	2.0		"Chỉ còn ít suất mua được nhà 1 trệt 1 lầu giá 980tr

Thanh toán đợt 1 chỉ 480 triệu còn lại ngân hàng hỗ trợ vay đến 25 năm với lãi suất cố định chỉ 4.8%/ năm.

Diện tích đất 60 - 70m², diện tích sàn 100 - 120 m².

Hạ tầng tiêu chuẩn, điện âm nước máy, đường rộng 7m vỉa hè 3m, hành lang thoát hiểm 2m.

Trong bán kính 5km đầy đủ tiện ích: Trường mầm non, trường cấp 1,2,3, chợ, trạm y tế, UBND, siêu thị,..

Liên hệ: 0936883381 để được hỗ trợ tư vấn và xem nhà trực tiếp"	False	True	True	False	KCN VSIP 2	KCN VSIP 2	KCN VSIP 2
Nhà Ngọc Thuỵ 7,xx tỷ dt 95m mt 5m ô tô đỗ trong nhà 10 phút sang Hồ Hoàn Kiếm	6.9	95.0			Ngọc Thuỵ - Long Biên	"*Gần các tuyến phố chính Nguyễn Văn Cừ, Nguyễn Sơn, Ngọc Lâm (phố ẩm thực), Bồ Đề, Hồng Tiến, Ái Mộ…
+ Nhà chủ tự xây tâm huyết, mới đẹp ở ngay, thoáng sáng, xây khung cột chắc chắn thiết kế hiện đại về ở ngay
* Gần trường cấp 1, 2 Ngọc Thuỵ, cấp 3 Nguyễn Gia Thiều, Trường quốc tế liên cấp Wellsping gần UBND phường, siêu thị BigC, Aeon, bệnh viện Tâm Anh bến xe Gia Lâm, chợ Gia Lâm, gần chi nhánh các ngân hàng.
*Pháp lý sổ vuông chính chủ sẵn sang giao dịch ngay.

Giá hơn 7 tỷ ( thương lượng) Miễn trung gian.
Liên hệ Nguyễn Huy 0913183933 hỗ trợ mọi thủ tục mua bán sang tên, vay ngân hàng"	False	False	True	False	Ngọc Thuỵ, Gia Lâm	Ngọc Thuỵ - Long Biên	Ngọc Thuỵ, Gia Lâm
Bán căn nhà 4Tầng, đường Lê Văn Chí, Linh Trung Thủ Đức, giá 7,8 Tỷ	7	60.0	8.0	7.0	Đường Lê Văn Chí, Phường Linh Trung, Quận Thủ Đức, TP HCM	"Bán căn nhà 4Tầng, đường Lê Văn Chí, Linh Trung Thủ Đức, giá 7,8 Tỷ
- Căn Góc 2 mặt : 1Trệt 3Lầu kiên cố, đúc BTCT
- Hẻm 1/ thẳng tắp từ đường Lê Văn Chí vào, P. Linh Trung Thủ Đức
- Thiết kế : 8 phòng , ở 2 phòng, 6 phòng cho thuê 12triệu/tháng
- Nhà xây 4 Tầng ( tầng 1 và 2 gia đình ở) , cho thuê 6 phòng ( Tầng 3,4 ) có lố đi riêng
- 50m ra đường Lê Văn Chí , ra Ngã 4 Thủ Đức 500m……
- Nhà gần Cty Dệt may Việt Thắng, Bệnh Viện Đa Khoa Thủ Đức, CoopMart, Vincome , trường đại học ĐHNL , SPKT, ĐHNH, mầm non , Trường THPT Linh Trung……………..
- Thuận tiện duy chuyển tới khu CNC Quận 9 khoàng 1km……….
- Pháp lý : Sổ hồng riêng chính chủ, hoàn công đầy đủ
- Diện tích đất: 60m2 ( 5.15m x 10.30m )( ko lộ giới ), DTXD 235m2
- Giá bán : 7,8 Tỷ ( thương lượng )
Liên hệ : 0898 408 677 xem nhà, làm việc chính chủ"	False	False	True	False	đường Lê Văn Chí, Phường Linh Trung, Quận Thủ Đức	Đường Lê Văn Chí, Phường Linh Trung, Quận Thủ Đức, TP HCM	đường Lê Văn Chí, Phường Linh Trung, Quận Thủ Đức
Cần bán căn nhà mặt ngõ ngay gần mặt phố Quan Nhân, 45m2 mặt tiền 5.2m giá 4.7 tỷ	7.8	45.0			Ngõ 275	"* Dành cho ai cần vị trí thuận lợi, trung tâm kết nối Nhân Chính – Thanh Xuân – Đống Đa – Cầu Giấy – Hà Đông mà lại không phải bỏ chi phí quá cao. Nhà nằm ngay trong ngõ 275 phố Quan Nhân, chỉ 20m ra mặt phố, 200m ra ngã ba Quan Nhân – Vũ Trọng Phụng. Ngõ to rộng và thoáng, ngõ thông ra phố Chính Kinh, mặt ngõ 275 có quy hoạch mở rộng tương lai rạng ngời.
* Diện tích đất là 45m2 mặt tiền 5.2m nở hậu 10cm đúng tiêu chuẩn vàng không cần bàn lại. Trên đất xây dựng nhà 2 tầng hiện đang cho thuê đem lại dòng tiền hàng tháng cho gia chủ. Xác định bán đất tặng nhà nên gia chủ để lại giá hữu nghị là 4.7 tỷ cho thửa đất trên.
* Pháp lý rõ ràng, sổ đỏ sẵn sàng giao dịch.
* Quan tâm liên hệ: 0963.14.68.79 gặp anh Dũng."	False	True	True	False	phố Quan Nhân, ngõ 275	Ngõ 275	phố Quan Nhân, ngõ 275
Bán Nhà 1 Trệt 1 Lầu, P. Bình Chuẩn, Tp Thuận An - Giá 2 Tỷ 5	4.7	80.0	3.0	3.0	Bình Dương	"THÔNG TIN SẢN PHẨM

Tính chất đặc điểm của căn nhà:

Diện tích: 80m2,4x20,thổ cư 60m2

Thiết kế: phòng khách, bếp, 2 phòng ngủ, 1 WC, sân thượng

Sổ hồng riêng

Hỗ trợ vay ngân hàng

Kết nối:

Cách đường Bình Chuẩn 65 20m, Ngã Tư Miếu Ông Cù 300m

Đường rộng 8m,thông 2 đầu.

Giá chào: 2 tỷ 5,thương lượng thêm với khách mua thiện chí chủ dễ tính

Liên hệ ngay để được tư vấn và xem thực tế: Mr.Quang - 0904844228 HTL2220

Nhật Quang Real chuyên:

Bán nhà
Nhà đất
Thành phố Thuận An
Bình Chuẩn
Đường Bình Chuẩn
Ngã Tư Miếu Ông Cù
Thổ cư
Sổ hồng riêng
Vay ngân hàng
Giá rẻ

-Nhận ký gửi BĐS khu vực Bình Dương, Nhận làm hồ sơ chuyển nhượng-Pháp lý-Ngân hàng."	False	False	True	False	đường Bình Chuẩn, Phường Bình Chuẩn, Thành phố Thuận An	Bình Dương	đường Bình Chuẩn, Phường Bình Chuẩn, Thành phố Thuận An
Nhà Bồ Đề Long Biên lô góc 6 tầng dt 55m hơn 6 tỷ hai ô tô đỗ trong nhà, đẹp hiếm khu dân trí cao	2.5	55.0				"+Lô góc 2 thoáng, thửa đẹp vuông vắn 55m, vị trí đẹp cách cầu Chương Dương 100m, ngõ nông thông 2 mặt phố
Để ở hoặc kinh doanh dòng tiền đều được.
+T1: thông sàn gara để được 2 oto, wc. Cầu thang cuối.T2: Phòng khách, bếp, wc. Cầu thang giữa.
T3: 2 PN, wc.T4: 2PN, wc.T5: 2PN,wc.
T6:Phòng thờ sân phơi có mái che.
++ Gần các tuyến phố chính Nguyễn Văn Cừ Nguyễn Sơn, Ngọc Lâm, Bồ Đề, Ngọc Thuỵ Hồng Tiến, Ái Mộ…
+ Gần trường cấp 1, 2 Bồ Đề , cấp 3 Nguyễn Gia Thiều, Trường quốc tế liên cấp Wellsping gần UBND phường, siêu thị BigC, Aeon, bệnh viện Tâm Anh bến xe Gia Lâm, chợ Gia Lâm, gần chi nhánh các ngân hàng.
Sổ đỏ vuông chính chủ, sẵn sàng giao dịch

Giá bán hơn 6 tỷ ( có thương lương ). Miễn trung gian
Liên hệ Nguyễn Huy 0913183933 hỗ trợ mọi thủ tục mua bán sang tên, vay ngân hàng."	False	True	True	False	Nguyễn Văn Cừ, Long Biên	Nguyễn Văn Cừ, Long Biên	Nguyễn Văn Cừ, Long Biên
Bán nhà hẻm xe tải 6m, đường số 9, QK 1K Linh Xuân TĐ, 135m2, 2 tầng, nhỉnh 4 tỷ	6	135.0				"Bán nhà hẻm xe tải 6m, đường số 9, QK 1K Linh Xuân TĐ, 135m2, 2 tầng, nhỉnh 4 tỷ
+Kết cấu: 2 tầng, có sân đậu ôtô thoải mái, gồm 3 phòng ngủ, 2wc, Phòng thờ, nhà thoáng mát
+Hẻm xe tải 6m mặt tiền đường số 9 50m, cách QL 1k, Phạm Văn Đồng,trrung tâm Thủ Đức trong vòng bán kính
+Gần Chợ Linh Xuân, UBND Phường, siêu thị ....
+Pháp lý chuẩn, sổ hồng riêng chuẩn chỉnh.
+ Giá chào: 4.7 tỷ ( thương lượng manh)
LH Mr Ảnh 0905248088 Nhà ngon, giá rẻ"	True	True	True	False	đường số 9, Phường Linh Xuân, Quận Thủ Đức	đường số 9, Phường Linh Xuân, Quận Thủ Đức	đường số 9, Phường Linh Xuân, Quận Thủ Đức
Bán nhà hẻm xe tải 6m, đường số 9, QK 1K Linh Xuân TĐ, 135m2, 2 tầng, nhỉnh 4 tỷ	4700000	135.0				"Bán nhà hẻm xe tải 6m, đường số 9, QK 1K Linh Xuân TĐ, 135m2, 2 tầng, nhỉnh 4 tỷ
+Kết cấu: 2 tầng, có sân đậu ôtô thoải mái, gồm 3 phòng ngủ, 2wc, Phòng thờ, nhà thoáng mát
+Hẻm xe tải 6m mặt tiền đường số 9 50m, cách QL 1k, Phạm Văn Đồng,trrung tâm Thủ Đức trong vòng bán kính
+Gần Chợ Linh Xuân, UBND Phường, siêu thị ....
+Pháp lý chuẩn, sổ hồng riêng chuẩn chỉnh.
+ Giá chào: 4.7 tỷ ( thương lượng manh)
LH Mr Ảnh 0905248088 Nhà ngon, giá rẻ"	False	False	True	False	đường số 9, Phường Linh Xuân, Quận Thủ Đức	đường số 9, Phường Linh Xuân, Quận Thủ Đức	đường số 9, Phường Linh Xuân, Quận Thủ Đức
